league,team,ws_link,tm_link
Primera División (ARG),Estudiantes,/Teams/901/Show/Argentina-Estudiantes,/estudiantes-de-la-plata/startseite/verein/288
Primera División (ARG),San Lorenzo,/Teams/906/Show/Argentina-San-Lorenzo,/club-atletico-san-lorenzo-de-almagro/startseite/verein/1775
Primera División (ARG),Gimnasia LP,/Teams/896/Show/Argentina-Gimnasia-LP,/club-de-gimnasia-y-esgrima-la-plata/startseite/verein/1106
Primera División (ARG),Banfield,/Teams/1303/Show/Argentina-Banfield,/club-atletico-banfield/startseite/verein/830
Primera División (ARG),Newells Old Boys,/Teams/902/Show/Argentina-Newells-Old-Boys,/club-atletico-newells-old-boys/startseite/verein/1286
Primera División (ARG),Velez Sarsfield,/Teams/895/Show/Argentina-Velez-Sarsfield,/club-atletico-velez-sarsfield/startseite/verein/1029
Primera División (ARG),Aldosivi,/Teams/6145/Show/Argentina-Aldosivi,/club-atletico-aldosivi-mdp-/startseite/verein/12301
Primera División (ARG),Boca Juniors,/Teams/889/Show/Argentina-Boca-Juniors,/club-atletico-boca-juniors/startseite/verein/189
Primera División (ARG),Rosario Central,/Teams/903/Show/Argentina-Rosario-Central,/club-atletico-rosario-central/startseite/verein/1418
Primera División (ARG),Independiente,/Teams/897/Show/Argentina-Independiente,/ca-independiente-de-avellaneda/startseite/verein/1234
Primera División (ARG),Patronato de Parana,/Teams/9310/Show/Argentina-Patronato-de-Parana,/club-atletico-patronato/startseite/verein/19806
Primera División (ARG),Argentinos Juniors,/Teams/907/Show/Argentina-Argentinos-Juniors,/argentinos-juniors/startseite/verein/1030
Primera División (ARG),Belgrano,/Teams/894/Show/Argentina-Belgrano,/belgrano-de-cordoba/startseite/verein/2417
Primera División (ARG),Godoy Cruz,/Teams/3802/Show/Argentina-Godoy-Cruz,/club-deportivo-godoy-cruz/startseite/verein/12574
Primera División (ARG),Talleres,/Teams/893/Show/Argentina-Talleres,/talleres-de-cordoba-ca/startseite/verein/3938
Primera División (ARG),River Plate,/Teams/905/Show/Argentina-River-Plate,/club-atletico-river-plate/startseite/verein/209
Primera División (ARG),Tigre,/Teams/4735/Show/Argentina-Tigre,/club-atletico-tigre/startseite/verein/11831
Primera División (ARG),Racing Club,/Teams/890/Show/Argentina-Racing-Club,/racing-club-de-avellaneda/startseite/verein/1444
Primera División (ARG),Defensa y Justicia,/Teams/6147/Show/Argentina-Defensa-y-Justicia,/defensa-y-justicia/startseite/verein/2402
Premier League (ENG),Everton,/Teams/31/Show/England-Everton,/fc-everton/startseite/verein/29
Premier League (ENG),Burnley,/Teams/184/Show/England-Burnley,/fc-burnley/startseite/verein/1132
Premier League (ENG),Bournemouth,/Teams/183/Show/England-Bournemouth,/afc-bournemouth/startseite/verein/989
Premier League (ENG),Tottenham,/Teams/30/Show/England-Tottenham,/tottenham-hotspur/startseite/verein/148
Premier League (ENG),West Ham,/Teams/29/Show/England-West-Ham,/west-ham-united/startseite/verein/379
Premier League (ENG),Southampton,/Teams/18/Show/England-Southampton,/fc-southampton/startseite/verein/180
Premier League (ENG),Wolverhampton Wanderers,/Teams/161/Show/England-Wolverhampton-Wanderers,/wolverhampton-wanderers/startseite/verein/543
Premier League (ENG),Fulham,/Teams/170/Show/England-Fulham,/fc-fulham/startseite/verein/931
Premier League (ENG),Cardiff,/Teams/188/Show/Wales-Cardiff,/cardiff-city/startseite/verein/603
Premier League (ENG),Crystal Palace,/Teams/162/Show/England-Crystal-Palace,/crystal-palace/startseite/verein/873
Premier League (ENG),Newcastle United,/Teams/23/Show/England-Newcastle-United,/newcastle-united/startseite/verein/762
Premier League (ENG),Liverpool,/Teams/26/Show/England-Liverpool,/fc-liverpool/startseite/verein/31
Premier League (ENG),Chelsea,/Teams/15/Show/England-Chelsea,/fc-chelsea/startseite/verein/631
Premier League (ENG),Watford,/Teams/27/Show/England-Watford,/fc-watford/startseite/verein/1010
Premier League (ENG),Huddersfield,/Teams/166/Show/England-Huddersfield,/huddersfield-town/startseite/verein/1110
Premier League (ENG),ManUn,/Teams/32/Show/England-Manchester-United,/manchester-united/startseite/verein/985
Premier League (ENG),Arsenal,/Teams/13/Show/England-Arsenal,/fc-arsenal/startseite/verein/11
Premier League (ENG),Brighton,/Teams/211/Show/England-Brighton,/brighton-amp-hove-albion/startseite/verein/1237
Premier League (ENG),ManCity,/Teams/167/Show/England-Manchester-City,/manchester-city/startseite/verein/281
Premier League (ENG),Leicester,/Teams/14/Show/England-Leicester,/leicester-city/startseite/verein/1003
Liga NOS (POR),Moreirense,/Teams/108/Show/Portugal-Moreirense,/moreirense-fc/startseite/verein/979
Liga NOS (POR),Rio Ave,/Teams/121/Show/Portugal-Rio-Ave,/rio-ave-fc/startseite/verein/2425
Liga NOS (POR),Feirense,/Teams/2187/Show/Portugal-Feirense,/cd-feirense/startseite/verein/3349
Liga NOS (POR),Chaves,/Teams/2008/Show/Portugal-Chaves,/gd-chaves/startseite/verein/3325
Liga NOS (POR),Braga,/Teams/288/Show/Portugal-Braga,/sc-braga/startseite/verein/1075
Liga NOS (POR),Benfica,/Teams/299/Show/Portugal-Benfica,/benfica-lissabon/startseite/verein/294
Liga NOS (POR),Portimonense,/Teams/1463/Show/Portugal-Portimonense,/portimonense-sc/startseite/verein/7378
Liga NOS (POR),FC Porto,/Teams/297/Show/Portugal-FC-Porto,/fc-porto/startseite/verein/720
Liga NOS (POR),Aves,/Teams/785/Show/Portugal-Aves,/desportivo-aves/startseite/verein/3336
Liga NOS (POR),Tondela,/Teams/8071/Show/Portugal-Tondela,/cd-tondela/startseite/verein/7179
Liga NOS (POR),Santa Clara,/Teams/251/Show/Portugal-Santa-Clara,/cd-santa-clara/startseite/verein/2423
Liga NOS (POR),Belenenses SAD,/Teams/292/Show/Portugal-Belenenses-SAD,/cf-belenenses-lissabon/startseite/verein/2457
Liga NOS (POR),Sporting CP,/Teams/296/Show/Portugal-Sporting-CP,/sporting-lissabon/startseite/verein/336
Liga NOS (POR),Nacional,/Teams/936/Show/Portugal-Nacional,/cd-nacional/startseite/verein/982
Liga NOS (POR),Boavista,/Teams/122/Show/Portugal-Boavista,/boavista-porto-fc/startseite/verein/2503
Super Lig (TUR),Yeni Malatyaspor,/Teams/5732/Show/Turkey-Yeni-Malatyaspor,/yeni-malatyaspor/startseite/verein/19789
Super Lig (TUR),Kasimpasa,/Teams/3475/Show/Turkey-Kasimpasa,/kasimpasa/startseite/verein/10484
Super Lig (TUR),Konyaspor,/Teams/2006/Show/Turkey-Konyaspor,/torku-konyaspor/startseite/verein/2293
Super Lig (TUR),Galatasaray,/Teams/294/Show/Turkey-Galatasaray,/galatasaray-istanbul/startseite/verein/141
Super Lig (TUR),Sivasspor,/Teams/2003/Show/Turkey-Sivasspor,/sivasspor/startseite/verein/2381
Super Lig (TUR),Istanbul Basaksehir,/Teams/2201/Show/Turkey-Istanbul-Basaksehir,/istanbul-buyuksehir-belediyespor/startseite/verein/6890
Super Lig (TUR),Rizespor,/Teams/750/Show/Turkey-Rizespor,/caykur-rizespor/startseite/verein/126
Super Lig (TUR),Bursaspor,/Teams/221/Show/Turkey-Bursaspor,/bursaspor/startseite/verein/20
Super Lig (TUR),Fenerbahce,/Teams/223/Show/Turkey-Fenerbahce,/fenerbahce-istanbul/startseite/verein/36
Super Lig (TUR),Akhisarspor,/Teams/5729/Show/Turkey-Akhisarspor,/akhisar-belediye-genclik-ve-spor/startseite/verein/19771
Super Lig (TUR),Antalyaspor,/Teams/227/Show/Turkey-Antalyaspor,/medical-park-antalyaspor/startseite/verein/589
Super Lig (TUR),Besiktas,/Teams/133/Show/Turkey-Besiktas,/besiktas-istanbul/startseite/verein/114
Super Lig (TUR),Trabzonspor,/Teams/226/Show/Turkey-Trabzonspor,/trabzonspor/startseite/verein/449
Super Lig (TUR),Alanyaspor,/Teams/3473/Show/Turkey-Alanyaspor,/alanyaspor/startseite/verein/11282
Super Lig (TUR),Kayserispor,/Teams/2200/Show/Turkey-Kayserispor,/kayserispor/startseite/verein/3205
Serie A (ITA),Atalanta,/Teams/300/Show/Italy-Atalanta,/atalanta-bergamo/startseite/verein/800
Serie A (ITA),Udinese,/Teams/86/Show/Italy-Udinese,/udinese-calcio/startseite/verein/410
Serie A (ITA),Fiorentina,/Teams/73/Show/Italy-Fiorentina,/ac-florenz/startseite/verein/430
Serie A (ITA),Sassuolo,/Teams/2889/Show/Italy-Sassuolo,/us-sassuolo/startseite/verein/6574
Serie A (ITA),Juventus,/Teams/87/Show/Italy-Juventus,/juventus-turin/startseite/verein/506
Serie A (ITA),Torino,/Teams/72/Show/Italy-Torino,/fc-turin/startseite/verein/416
Serie A (ITA),Chievo,/Teams/267/Show/Italy-Chievo,/chievo-verona/startseite/verein/862
Serie A (ITA),SPAL 2013,/Teams/1502/Show/Italy-SPAL-2013,/spal-2013/startseite/verein/2722
Serie A (ITA),Inter,/Teams/75/Show/Italy-Inter,/inter-mailand/startseite/verein/46
Serie A (ITA),Empoli,/Teams/272/Show/Italy-Empoli,/fc-empoli/startseite/verein/749
Serie A (ITA),Frosinone,/Teams/2732/Show/Italy-Frosinone,/frosinone-calcio/startseite/verein/8970
Serie A (ITA),Lazio,/Teams/77/Show/Italy-Lazio,/lazio-rom/startseite/verein/398
Serie A (ITA),Parma Calcio 1913,/Teams/24341/Show/Italy-Parma-Calcio-1913,/fc-parma/startseite/verein/130
Serie A (ITA),Sampdoria,/Teams/271/Show/Italy-Sampdoria,/uc-sampdoria/startseite/verein/1038
Serie A (ITA),Genoa,/Teams/278/Show/Italy-Genoa,/fc-genua-1893/startseite/verein/252
Serie A (ITA),Roma,/Teams/84/Show/Italy-Roma,/as-rom/startseite/verein/12
Serie A (ITA),Napoli,/Teams/276/Show/Italy-Napoli,/ssc-neapel/startseite/verein/6195
Serie A (ITA),Cagliari,/Teams/78/Show/Italy-Cagliari,/cagliari-calcio/startseite/verein/1390
Serie A (ITA),AC Milan,/Teams/80/Show/Italy-AC-Milan,/ac-mailand/startseite/verein/5
Serie A (ITA),Bologna,/Teams/71/Show/Italy-Bologna,/fc-bologna/startseite/verein/1025
Eredivise (NET),SC Heerenveen,/Teams/287/Show/Netherlands-SC-Heerenveen,/sc-heerenveen/startseite/verein/306
Eredivise (NET),NAC Breda,/Teams/783/Show/Netherlands-NAC-Breda,/nac-breda/startseite/verein/132
Eredivise (NET),Feyenoord,/Teams/256/Show/Netherlands-Feyenoord,/feyenoord-rotterdam/startseite/verein/234
Eredivise (NET),ADO Den Haag,/Teams/764/Show/Netherlands-ADO-Den-Haag,/ado-den-haag/startseite/verein/1268
Eredivise (NET),AZ Alkmaar,/Teams/243/Show/Netherlands-AZ-Alkmaar,/az-alkmaar/startseite/verein/1090
Eredivise (NET),PSV Eindhoven,/Teams/129/Show/Netherlands-PSV-Eindhoven,/psv-eindhoven/startseite/verein/383
Eredivise (NET),Willem II,/Teams/115/Show/Netherlands-Willem-II,/willem-ii-tilburg/startseite/verein/403
Eredivise (NET),FC Emmen,/Teams/875/Show/Netherlands-FC-Emmen,/fc-emmen/startseite/verein/1283
Eredivise (NET),PEC Zwolle,/Teams/868/Show/Netherlands-PEC-Zwolle,/pec-zwolle/startseite/verein/1269
Eredivise (NET),VVV-Venlo,/Teams/765/Show/Netherlands-VVV-Venlo,/vvv-venlo/startseite/verein/1426
Eredivise (NET),Ajax,/Teams/130/Show/Netherlands-Ajax,/ajax-amsterdam/startseite/verein/610
Eredivise (NET),FC Utrecht,/Teams/128/Show/Netherlands-FC-Utrecht,/fc-utrecht/startseite/verein/200
Eredivise (NET),Heracles,/Teams/870/Show/Netherlands-Heracles,/heracles-almelo/startseite/verein/1304
Eredivise (NET),Excelsior,/Teams/867/Show/Netherlands-Excelsior,/excelsior-rotterdam/startseite/verein/798
Eredivise (NET),Vitesse,/Teams/255/Show/Netherlands-Vitesse,/vitesse-arnheim/startseite/verein/499
Eredivise (NET),De Graafschap,/Teams/257/Show/Netherlands-De-Graafschap,/de-graafschap-doetinchem/startseite/verein/642
Eredivise (NET),FC Groningen,/Teams/758/Show/Netherlands-FC-Groningen,/fc-groningen/startseite/verein/202
Eredivise (NET),Fortuna Sittard,/Teams/242/Show/Netherlands-Fortuna-Sittard,/fortuna-sittard/startseite/verein/385
Championship (ENG),Millwall,/Teams/192/Show/England-Millwall,/fc-millwall/startseite/verein/1028
Championship (ENG),Bristol City,/Teams/182/Show/England-Bristol-City,/bristol-city/startseite/verein/698
Championship (ENG),Swansea,/Teams/259/Show/Wales-Swansea,/swansea-city/startseite/verein/2288
Championship (ENG),Derby,/Teams/20/Show/England-Derby,/derby-county/startseite/verein/22
Championship (ENG),Nottingham Forest,/Teams/174/Show/England-Nottingham-Forest,/nottingham-forest/startseite/verein/703
Championship (ENG),Bolton,/Teams/92/Show/England-Bolton,/bolton-wanderers/startseite/verein/355
Championship (ENG),Reading,/Teams/94/Show/England-Reading,/fc-reading/startseite/verein/1032
Championship (ENG),Birmingham,/Teams/157/Show/England-Birmingham,/birmingham-city/startseite/verein/337
Championship (ENG),Rotherham,/Teams/210/Show/England-Rotherham,/rotherham-united/startseite/verein/1194
Championship (ENG),Middlesbrough,/Teams/21/Show/England-Middlesbrough,/fc-middlesbrough/startseite/verein/641
Championship (ENG),Sheffield Wednesday,/Teams/25/Show/England-Sheffield-Wednesday,/sheffield-wednesday/startseite/verein/1035
Championship (ENG),Queens Park Rangers,/Teams/171/Show/England-Queens-Park-Rangers,/queens-park-rangers/startseite/verein/1039
Championship (ENG),Stoke,/Teams/96/Show/England-Stoke,/stoke-city/startseite/verein/512
Championship (ENG),Sheffield United,/Teams/163/Show/England-Sheffield-United,/sheffield-united/startseite/verein/350
Championship (ENG),Wigan,/Teams/194/Show/England-Wigan,/wigan-athletic/startseite/verein/1071
Championship (ENG),Aston Villa,/Teams/24/Show/England-Aston-Villa,/aston-villa/startseite/verein/405
Championship (ENG),Norwich,/Teams/168/Show/England-Norwich,/norwich-city/startseite/verein/1123
Championship (ENG),Blackburn,/Teams/158/Show/England-Blackburn,/blackburn-rovers/startseite/verein/164
Championship (ENG),Brentford,/Teams/189/Show/England-Brentford,/fc-brentford/startseite/verein/1148
Championship (ENG),Preston,/Teams/181/Show/England-Preston,/preston-north-end/startseite/verein/466
Championship (ENG),West Bromwich Albion,/Teams/175/Show/England-West-Bromwich-Albion,/west-bromwich-albion/startseite/verein/984
Championship (ENG),Hull,/Teams/214/Show/England-Hull,/hull-city/startseite/verein/3008
Championship (ENG),Ipswich,/Teams/165/Show/England-Ipswich,/ipswich-town/startseite/verein/677
Championship (ENG),Leeds,/Teams/19/Show/England-Leeds,/leeds-united/startseite/verein/399
La Liga (SPA),Real Betis,/Teams/54/Show/Spain-Real-Betis,/real-betis-sevilla/startseite/verein/150
La Liga (SPA),Espanyol,/Teams/70/Show/Spain-Espanyol,/espanyol-barcelona/startseite/verein/714
La Liga (SPA),Sevilla,/Teams/67/Show/Spain-Sevilla,/fc-sevilla/startseite/verein/368
La Liga (SPA),Levante,/Teams/832/Show/Spain-Levante,/ud-levante/startseite/verein/3368
La Liga (SPA),Rayo Vallecano,/Teams/64/Show/Spain-Rayo-Vallecano,/rayo-vallecano/startseite/verein/367
La Liga (SPA),Deportivo Alaves,/Teams/60/Show/Spain-Deportivo-Alaves,/deportivo-alaves/startseite/verein/1108
La Liga (SPA),Real Sociedad,/Teams/68/Show/Spain-Real-Sociedad,/real-sociedad-san-sebastian/startseite/verein/681
La Liga (SPA),Celta Vigo,/Teams/62/Show/Spain-Celta-Vigo,/celta-vigo/startseite/verein/940
La Liga (SPA),Barcelona,/Teams/65/Show/Spain-Barcelona,/fc-barcelona/startseite/verein/131
La Liga (SPA),Getafe,/Teams/819/Show/Spain-Getafe,/fc-getafe/startseite/verein/3709
La Liga (SPA),Girona,/Teams/2783/Show/Spain-Girona,/fc-girona/startseite/verein/12321
La Liga (SPA),Eibar,/Teams/824/Show/Spain-Eibar,/sd-eibar/startseite/verein/1533
La Liga (SPA),Real Madrid,/Teams/52/Show/Spain-Real-Madrid,/real-madrid/startseite/verein/418
La Liga (SPA),Villarreal,/Teams/839/Show/Spain-Villarreal,/fc-villarreal/startseite/verein/1050
La Liga (SPA),Real Valladolid,/Teams/58/Show/Spain-Real-Valladolid,/real-valladolid/startseite/verein/366
La Liga (SPA),Athletic Bilbao,/Teams/53/Show/Spain-Athletic-Bilbao,/athletic-bilbao/startseite/verein/621
La Liga (SPA),SD Huesca,/Teams/5006/Show/Spain-SD-Huesca,/sd-huesca/startseite/verein/5358
La Liga (SPA),Valencia,/Teams/55/Show/Spain-Valencia,/fc-valencia/startseite/verein/1049
Premier Liga (RUS),FC Orenburg,/Teams/5460/Show/Russia-FC-Orenburg,/gazovik-orenburg/startseite/verein/14589
Premier Liga (RUS),Arsenal Tula,/Teams/8753/Show/Russia-Arsenal-Tula,/arsenal-tula/startseite/verein/3729
Premier Liga (RUS),Spartak Moscow,/Teams/840/Show/Russia-Spartak-Moscow,/spartak-moskau/startseite/verein/232
Premier Liga (RUS),Rubin Kazan,/Teams/2057/Show/Russia-Rubin-Kazan,/rubin-kazan/startseite/verein/2698
Premier Liga (RUS),FC Yenisey Krasnoyarsk,/Teams/4640/Show/Russia-FC-Yenisey-Krasnoyarsk,/enisey-krasnoyarsk/startseite/verein/3714
Premier Liga (RUS),Anzhi Makhachkala,/Teams/1002/Show/Russia-Anzhi-Makhachkala,/anzhi-makhachkala/startseite/verein/2700
Premier Liga (RUS),Ural,/Teams/4174/Show/Russia-Ural,/ural-sverdlovskaya-oblast/startseite/verein/11127
Premier Liga (RUS),FK Akhmat,/Teams/2407/Show/Russia-FK-Akhmat,/terek-grozny/startseite/verein/3725
Premier Liga (RUS),Zenit St. Petersburg,/Teams/560/Show/Russia-Zenit-St-Petersburg,/zenit-st-petersburg/startseite/verein/964
Premier Liga (RUS),Lokomotiv Moscow,/Teams/668/Show/Russia-Lokomotiv-Moscow,/lokomotiv-moskau/startseite/verein/932
Premier Liga (RUS),Krylya Sovetov Samara,/Teams/997/Show/Russia-Krylya-Sovetov-Samara,/krylya-sovetov-samara/startseite/verein/2696
Premier Liga (RUS),FC Ufa,/Teams/9004/Show/Russia-FC-Ufa,/fk-ufa/startseite/verein/28095
Premier Liga (RUS),CSKA Moscow,/Teams/847/Show/Russia-CSKA-Moscow,/zska-moskau/startseite/verein/2410
Premier Liga (RUS),Dinamo Moscow,/Teams/846/Show/Russia-Dinamo-Moscow,/dinamo-moskau/startseite/verein/121
Premier Liga (RUS),FC Rostov,/Teams/562/Show/Russia-FC-Rostov,/fk-rostov/startseite/verein/1083
Premier Liga (RUS),FC Krasnodar,/Teams/7164/Show/Russia-FC-Krasnodar,/fk-krasnodar/startseite/verein/16704
Bundesliga (GER),Mainz 05,/Teams/219/Show/Germany-Mainz-05,/1-fsv-mainz-05/startseite/verein/39
Bundesliga (GER),RasenBallsport Leipzig,/Teams/7614/Show/Germany-RasenBallsport-Leipzig,/rasenballsport-leipzig/startseite/verein/23826
Bundesliga (GER),Wolfsburg,/Teams/33/Show/Germany-Wolfsburg,/vfl-wolfsburg/startseite/verein/82
Bundesliga (GER),Bayern Munich,/Teams/37/Show/Germany-Bayern-Munich,/fc-bayern-munchen/startseite/verein/27
Bundesliga (GER),Hannover 96,/Teams/110/Show/Germany-Hannover-96,/hannover-96/startseite/verein/42
Bundesliga (GER),Hoffenheim,/Teams/1211/Show/Germany-Hoffenheim,/tsg-1899-hoffenheim/startseite/verein/533
Bundesliga (GER),Hertha Berlin,/Teams/47/Show/Germany-Hertha-Berlin,/hertha-bsc/startseite/verein/44
Bundesliga (GER),VfB Stuttgart,/Teams/41/Show/Germany-VfB-Stuttgart,/vfb-stuttgart/startseite/verein/79
Bundesliga (GER),Werder Bremen,/Teams/42/Show/Germany-Werder-Bremen,/sv-werder-bremen/startseite/verein/86
Bundesliga (GER),Borussia Dortmund,/Teams/44/Show/Germany-Borussia-Dortmund,/borussia-dortmund/startseite/verein/16
Bundesliga (GER),Augsburg,/Teams/1730/Show/Germany-Augsburg,/fc-augsburg/startseite/verein/167
Bundesliga (GER),Freiburg,/Teams/50/Show/Germany-Freiburg,/sc-freiburg/startseite/verein/60
Bundesliga (GER),Fortuna Duesseldorf,/Teams/1150/Show/Germany-Fortuna-Duesseldorf,/fortuna-dusseldorf/startseite/verein/38
Bundesliga (GER),Bayer Leverkusen,/Teams/36/Show/Germany-Bayer-Leverkusen,/bayer-04-leverkusen/startseite/verein/15
Bundesliga (GER),Eintracht Frankfurt,/Teams/45/Show/Germany-Eintracht-Frankfurt,/eintracht-frankfurt/startseite/verein/24
Ligue 1 (FRA),Montpellier,/Teams/311/Show/France-Montpellier,/hsc-montpellier/startseite/verein/969
Ligue 1 (FRA),Paris Saint-Germain,/Teams/304/Show/France-Paris-Saint-Germain,/fc-paris-saint-germain/startseite/verein/583
Ligue 1 (FRA),Monaco,/Teams/248/Show/France-Monaco,/as-monaco/startseite/verein/162
Ligue 1 (FRA),Strasbourg,/Teams/148/Show/France-Strasbourg,/racing-strassburg/startseite/verein/667
Ligue 1 (FRA),Marseille,/Teams/249/Show/France-Marseille,/olympique-marseille/startseite/verein/244
Ligue 1 (FRA),Nice,/Teams/613/Show/France-Nice,/ogc-nizza/startseite/verein/417
Ligue 1 (FRA),Reims,/Teams/950/Show/France-Reims,/stade-reims/startseite/verein/1421
Ligue 1 (FRA),Bordeaux,/Teams/315/Show/France-Bordeaux,/fc-girondins-bordeaux/startseite/verein/40
Ligue 1 (FRA),Angers,/Teams/614/Show/France-Angers,/sco-angers/startseite/verein/1420
Ligue 1 (FRA),Guingamp,/Teams/426/Show/France-Guingamp,/ea-guingamp/startseite/verein/855
Ligue 1 (FRA),Caen,/Teams/347/Show/France-Caen,/sm-caen/startseite/verein/1162
Ligue 1 (FRA),Toulouse,/Teams/246/Show/France-Toulouse,/fc-toulouse/startseite/verein/415
Ligue 1 (FRA),Amiens,/Teams/151/Show/France-Amiens,/sc-amiens/startseite/verein/1416
Ligue 1 (FRA),Nantes,/Teams/302/Show/France-Nantes,/fc-nantes/startseite/verein/995
Ligue 1 (FRA),Dijon,/Teams/1364/Show/France-Dijon,/fco-dijon/startseite/verein/2969
Ligue 1 (FRA),Lyon,/Teams/228/Show/France-Lyon,/olympique-lyon/startseite/verein/1041
Ligue 1 (FRA),Lille,/Teams/607/Show/France-Lille,/osc-lille/startseite/verein/1082
Bundesliga 2 (GER),Duisburg,/Teams/35/Show/Germany-Duisburg,/msv-duisburg/startseite/verein/52
Bundesliga 2 (GER),Arminia Bielefeld,/Teams/40/Show/Germany-Arminia-Bielefeld,/arminia-bielefeld/startseite/verein/10
Bundesliga 2 (GER),Paderborn,/Teams/810/Show/Germany-Paderborn,/sc-paderborn-07/startseite/verein/127
Bundesliga 2 (GER),Dynamo Dresden,/Teams/1731/Show/Germany-Dynamo-Dresden,/dynamo-dresden/startseite/verein/129
Bundesliga 2 (GER),St. Pauli,/Teams/283/Show/Germany-St-Pauli,/fc-st-pauli/startseite/verein/35
Bundesliga 2 (GER),FC Heidenheim,/Teams/4852/Show/Germany-FC-Heidenheim,/1-fc-heidenheim/startseite/verein/2036
Bundesliga 2 (GER),Sandhausen,/Teams/3882/Show/Germany-Sandhausen,/sv-sandhausen/startseite/verein/254
Bundesliga 2 (GER),Bochum,/Teams/109/Show/Germany-Bochum,/vfl-bochum/startseite/verein/80
Bundesliga 2 (GER),Magdeburg,/Teams/808/Show/Germany-Magdeburg,/1-fc-magdeburg/startseite/verein/187
Bundesliga 2 (GER),Hamburger SV,/Teams/38/Show/Germany-Hamburger-SV,/hamburger-sv/startseite/verein/41
Bundesliga 2 (GER),Ingolstadt,/Teams/3429/Show/Germany-Ingolstadt,/fc-ingolstadt-04/startseite/verein/4795
Bundesliga 2 (GER),Holstein Kiel,/Teams/1206/Show/Germany-Holstein-Kiel,/holstein-kiel/startseite/verein/269
Bundesliga 2 (GER),Jahn Regensburg,/Teams/1143/Show/Germany-Jahn-Regensburg,/ssv-jahn-regensburg/startseite/verein/109
Bundesliga 2 (GER),Erzgebirge Aue,/Teams/813/Show/Germany-Erzgebirge-Aue,/fc-erzgebirge-aue/startseite/verein/94
Bundesliga 2 (GER),Darmstadt,/Teams/1147/Show/Germany-Darmstadt,/sv-darmstadt-98/startseite/verein/105
Bundesliga 2 (GER),Union Berlin,/Teams/796/Show/Germany-Union-Berlin,/1-fc-union-berlin/startseite/verein/89
Bundesliga 2 (GER),Greuther Fuerth,/Teams/89/Show/Germany-Greuther-Fuerth,/spvgg-greuther-furth/startseite/verein/65
La Liga 2 (SPA),Osasuna,/Teams/131/Show/Spain-Osasuna,/ca-osasuna/startseite/verein/331
La Liga 2 (SPA),Extremadura,/Teams/826/Show/Spain-Extremadura,/extremadura-ud/startseite/verein/29095
La Liga 2 (SPA),Real Zaragoza,/Teams/66/Show/Spain-Real-Zaragoza,/real-saragossa/startseite/verein/142
La Liga 2 (SPA),Deportivo La Coruna,/Teams/59/Show/Spain-Deportivo-La-Coruna,/deportivo-la-coruna/startseite/verein/897
La Liga 2 (SPA),Tenerife,/Teams/822/Show/Spain-Tenerife,/cd-teneriffa/startseite/verein/648
La Liga 2 (SPA),Las Palmas,/Teams/838/Show/Spain-Las-Palmas,/ud-las-palmas/startseite/verein/472
La Liga 2 (SPA),Lugo,/Teams/3873/Show/Spain-Lugo,/cd-lugo/startseite/verein/11000
La Liga 2 (SPA),Mallorca,/Teams/51/Show/Spain-Mallorca,/rcd-mallorca/startseite/verein/237
La Liga 2 (SPA),Sporting Gijon,/Teams/830/Show/Spain-Sporting-Gijon,/sporting-gijon/startseite/verein/2448
La Liga 2 (SPA),Reus,/Teams/5008/Show/Spain-Reus,/fc-reus-deportiu/startseite/verein/13225
La Liga 2 (SPA),Elche,/Teams/833/Show/Spain-Elche,/fc-elche/startseite/verein/1531
La Liga 2 (SPA),Rayo Majadahonda,/Teams/8293/Show/Spain-Rayo-Majadahonda,/cf-rayo-majadahonda/startseite/verein/13702
La Liga 2 (SPA),Albacete,/Teams/821/Show/Spain-Albacete,/albacete-balompie/startseite/verein/1532
La Liga 2 (SPA),Numancia,/Teams/57/Show/Spain-Numancia,/cd-numancia/startseite/verein/2296
La Liga 2 (SPA),Real Oviedo,/Teams/61/Show/Spain-Real-Oviedo,/real-oviedo/startseite/verein/2497
La Liga 2 (SPA),Granada,/Teams/925/Show/Spain-Granada,/fc-granada/startseite/verein/16795
Super League (CHI),Wuhan Zall,/Teams/9080/Show/China-Wuhan-Zall,/wuhan-zall-professional-f-c/startseite/verein/6450
Super League (CHI),Tianjin Teda,/Teams/2532/Show/China-Tianjin-Teda,/tianjin-teda/startseite/verein/3187
Super League (CHI),Shanghai SIPG FC,/Teams/9081/Show/China-Shanghai-SIPG-FC,/shanghai-east-asia/startseite/verein/27190
Super League (CHI),Guangzhou Evergrande,/Teams/4673/Show/China-Guangzhou-Evergrande,/guangzhou-evergrande-f-c-/startseite/verein/10948
Super League (CHI),Beijing Guoan,/Teams/2540/Show/China-Beijing-Guoan,/beijing-guoan/startseite/verein/3176
Super League (CHI),Shandong Luneng,/Teams/2531/Show/China-Shandong-Luneng,/shandong-luneng-taishan-f-c-/startseite/verein/3182
Super League (CHI),Hebei CFFC,/Teams/15181/Show/China-Hebei-CFFC,/hebei-zhongji/startseite/verein/36630
Super League (CHI),Beijing Renhe,/Teams/2537/Show/China-Beijing-Renhe,/guizhou-renhe-f-c-/startseite/verein/17250
Super League (CHI),Henan Jianye,/Teams/4152/Show/China-Henan-Jianye,/henan-jianye/startseite/verein/9982
Super League (CHI),Jiangsu Suning FC,/Teams/7125/Show/China-Jiangsu-Suning-FC,/jiangsu-guoxin-sainty/startseite/verein/22219
Super League (CHI),Dalian Yifang,/Teams/10110/Show/China-Dalian-Yifang,/dalian-aerbin/startseite/verein/33304
Super League (CHI),Shenzhen FC,/Teams/2539/Show/China-Shenzhen-FC,/shenzhen-ruby/startseite/verein/1320
Super League (CHI),Shanghai Shenhua,/Teams/2530/Show/China-Shanghai-Shenhua,/shanghai-greenland/startseite/verein/3183
Super League (CHI),Tianjin Tianhai,/Teams/10108/Show/China-Tianjin-Tianhai,/tianjin-songjiang-f-c-/startseite/verein/33714
Super League (CHI),Chongqing Lifan,/Teams/2533/Show/China-Chongqing-Lifan,/chongqing-lifan/startseite/verein/1326
MLS (USA),Real Salt Lake,/Teams/2947/Show/USA-Real-Salt-Lake,/real-salt-lake-city/startseite/verein/6643
MLS (USA),Philadelphia Union,/Teams/8586/Show/USA-Philadelphia-Union,/philadelphia-union/startseite/verein/25467
MLS (USA),FC Cincinnati,/Teams/24949/Show/USA-FC-Cincinnati,/fc-cincinnati/startseite/verein/51772
MLS (USA),Colorado Rapids,/Teams/1120/Show/USA-Colorado-Rapids,/colorado-rapids/startseite/verein/1247
MLS (USA),Vancouver Whitecaps,/Teams/11134/Show/Canada-Vancouver-Whitecaps,/vancouver-whitecaps/startseite/verein/6321
MLS (USA),New York Red Bulls,/Teams/1121/Show/USA-New-York-Red-Bulls,/new-york-red-bulls/startseite/verein/623
MLS (USA),Houston Dynamo,/Teams/3624/Show/USA-Houston-Dynamo,/houston-dynamo/startseite/verein/9168
MLS (USA),FC Dallas,/Teams/2948/Show/USA-FC-Dallas,/fc-dallas/startseite/verein/8816
MLS (USA),Orlando City,/Teams/10221/Show/USA-Orlando-City,/orlando-city-sc/startseite/verein/45604
MLS (USA),Toronto FC,/Teams/4186/Show/Canada-Toronto-FC,/toronto-fc/startseite/verein/11141
MLS (USA),Montreal Impact,/Teams/11135/Show/Canada-Montreal-Impact,/montreal-impact/startseite/verein/4078
MLS (USA),New York City FC,/Teams/19584/Show/USA-New-York-City-FC,/new-york-city-fc/startseite/verein/40058
MLS (USA),Columbus Crew,/Teams/1113/Show/USA-Columbus-Crew,/columbus-crew/startseite/verein/813
MLS (USA),Minnesota United,/Teams/9293/Show/USA-Minnesota-United,/minnesota-united-fc/startseite/verein/56089
MLS (USA),Seattle Sounders FC,/Teams/5973/Show/USA-Seattle-Sounders-FC,/seattle-sounders-fc/startseite/verein/9636
MLS (USA),Portland Timbers,/Teams/11133/Show/USA-Portland-Timbers,/portland-timbers/startseite/verein/4291
MLS (USA),San Jose Earthquakes,/Teams/1122/Show/USA-San-Jose-Earthquakes,/san-jose-earthquakes/startseite/verein/218
MLS (USA),Los Angeles FC,/Teams/27482/Show/USA-Los-Angeles-FC,/los-angeles-football-club/startseite/verein/51828
MLS (USA),Chicago Fire,/Teams/1118/Show/USA-Chicago-Fire,/chicago-fire/startseite/verein/432
MLS (USA),Atlanta United,/Teams/26666/Show/USA-Atlanta-United,/atlanta-united-fc/startseite/verein/51663
MLS (USA),Sporting Kansas City,/Teams/1116/Show/USA-Sporting-Kansas-City,/sporting-kansas-city/startseite/verein/4284
