link,search,results
/max-clark/profil/spieler/183291,Max+Clark+Vitesse,1290000
/sergio-postigo/profil/spieler/158791,Sergio+Postigo+Levante,173000
/stanislav-iljutcenko/profil/spieler/191292,Stanislav+Iljutcenko+Duisburg,67900
/ivan-marcone/profil/spieler/90451,Iván+Marcone+Boca+Juniors,183000
/florent-mollet/profil/spieler/222859,Florent+Mollet+Montpellier,190000
/juanpe/profil/spieler/115333,Juanpe+Girona,196000
/alban-lafont/profil/spieler/357117,Alban+Lafont+Fiorentina,112000
/bruno-viana/profil/spieler/411838,Bruno+Viana+Braga,7860000
/emil-audero/profil/spieler/256339,Emil+Audero+Sampdoria,119000
/christian-gentner/profil/spieler/19112,Christian+Gentner+VfB+Stuttgart,245000
/jordan-archer/profil/spieler/177952,Jordan+Archer+Millwall,169000
/afonso-figueiredo/profil/spieler/237000,Afonso+Figueiredo+Rio+Ave,300000
/everton-luiz/profil/spieler/75076,Everton+Luiz+Real+Salt+Lake,180000
/trent-alexander-arnold/profil/spieler/314353,Trent+Alexander-Arnold+Liverpool,5430000
/dominique-badji/profil/spieler/354840,Dominique+Badji+FC+Dallas,46400
/shkodran-mustafi/profil/spieler/88590,Shkodran+Mustafi+Arsenal,1640000
/lazar-rosic/profil/spieler/198053,Lazar+Rosic+Nacional,27500
/matheus-cunha/profil/spieler/517894,Matheus+Cunha+RasenBallsport+Leipzig,206000
/orji-okwonkwo/profil/spieler/401935,Orji+Okwonkwo+Montreal+Impact,71100
/gwion-edwards/profil/spieler/192766,Gwion+Edwards+Ipswich,34600
/abdullah-durak/profil/spieler/82713,Abdullah+Durak+Rizespor,123000
/ricardo-ryller/profil/spieler/349443,Ricardo+Ryller+Braga,29200
/elson-hooi/profil/spieler/229228,Elson+Hooi+ADO+Den+Haag,45500
/evgeni-chernov/profil/spieler/187024,Evgeni+Chernov+FC+Rostov,31200
/warner-hahn/profil/spieler/111180,Warner+Hahn+SC+Heerenveen,94500
/alex-blanco/profil/spieler/328914,Álex+Blanco+Deportivo+Alaves,789000
/julian-gressel/profil/spieler/229640,Julian+Gressel+Atlanta+United,110000
/domenico-criscito/profil/spieler/44136,Domenico+Criscito+Genoa,126000
/alexander-milosevic/profil/spieler/171376,Alexander+Milosevic+Nottingham+Forest,91200
/jordan-lefort/profil/spieler/192492,Jordan+Lefort+Amiens,78000
/fernando-zampedri/profil/spieler/104006,Fernando+Zampedri+Rosario+Central,113000
/deklan-wynne/profil/spieler/298228,Deklan+Wynne+Colorado+Rapids,39100
/jordan-henderson/profil/spieler/61651,Jordan+Henderson+Liverpool,9840000
/kamil-zakirov/profil/spieler/494353,Kamil+Zakirov+Anzhi+Makhachkala,30200
/niko-giesselmann/profil/spieler/72792,Niko+Gießelmann+Fortuna+Duesseldorf,80000
/thomas-roberts/profil/spieler/513967,Thomas+Roberts+FC+Dallas,4890000
/jan-zamburek/profil/spieler/487924,Jan+Zamburek+Brentford,4660
/robin-bormuth/profil/spieler/283286,Robin+Bormuth+Fortuna+Duesseldorf,53100
/jordan-torunarigha/profil/spieler/227110,Jordan+Torunarigha+Hertha+Berlin,133000
/mile-jedinak/profil/spieler/28336,Mile+Jedinak+Aston+Villa,152000
/tyrone-mings/profil/spieler/253677,Tyrone+Mings+Aston+Villa,149000
/john-mcginn/profil/spieler/193116,John+McGinn+Aston+Villa,186000
/diogo-jota/profil/spieler/340950,Diogo+Jota+Wolverhampton+Wanderers,269000
/omir-fernandez/profil/spieler/467271,Omir+Fernandez+New+York+Red+Bulls,40400
/gonzalo-escalante/profil/spieler/266795,Gonzalo+Escalante+Eibar,189000
/nicolas-blandi/profil/spieler/153022,Nicolás+Blandi+San+Lorenzo,273000
/danny-bakker/profil/spieler/250440,Danny+Bakker+ADO+Den+Haag,208000
/charles/profil/spieler/154059,Charles+Eibar,1800000
/leandro-fernandez/profil/spieler/131840,Leandro+Fernández+Velez+Sarsfield,469000
/igor-akinfeev/profil/spieler/15570,Igor+Akinfeev+CSKA+Moscow,158000
/andre-shinyashiki/profil/spieler/636331,Andre+Shinyashiki+Colorado+Rapids,18100
/jake-cooper/profil/spieler/243603,Jake+Cooper+Millwall,128000
/neymar/profil/spieler/68290,Neymar+Paris+Saint-Germain,25200000
/pierre-emerick-aubameyang/profil/spieler/58864,Pierre-Emerick+Aubameyang+Arsenal,10700000
/serdar-dursun/profil/spieler/80059,Serdar+Dursun+Darmstadt,69800
/valon-behrami/profil/spieler/21905,Valon+Behrami+Udinese,150000
/cristian-herrera/profil/spieler/237617,Cristian+Herrera+Lugo,5540000
/kalindi/profil/spieler/379377,Kalindi+Nacional,56800
/lorenzo-tonelli/profil/spieler/111347,Lorenzo+Tonelli+Sampdoria,160000
/enzo-zidane/profil/spieler/106825,Enzo+Zidane+Rayo+Majadahonda,88100
/kevin-trapp/profil/spieler/45672,Kevin+Trapp+Eintracht+Frankfurt,377000
/serhou-guirassy/profil/spieler/270541,Serhou+Guirassy+Amiens,20900
/kerem-demirbay/profil/spieler/125858,Kerem+Demirbay+Hoffenheim,383000
/bulent-cevahir/profil/spieler/147518,Bulent+Cevahir+Yeni+Malatyaspor,36500
/juan-aguilera/profil/spieler/75820,Juan+Aguilera+SD+Huesca,117000
/josete/profil/spieler/77037,Josete+Lugo,54500
/moreno-rutten/profil/spieler/187296,Moreno+Rutten+VVV-Venlo,40800
/jeff-attinella/profil/spieler/179323,Jeff+Attinella+Portland+Timbers,39700
/ozan-kabak/profil/spieler/361260,Ozan+Kabak+VfB+Stuttgart,1130000
/laszlo-benes/profil/spieler/243188,László+Bénes+Holstein+Kiel,73500
/ishak-belfodil/profil/spieler/111039,Ishak+Belfodil+Hoffenheim,242000
/mauro-cerqueira/profil/spieler/352847,Mauro+Cerqueira+Nacional,1410000
/mario-rui/profil/spieler/87884,Mário+Rui+Napoli,8880000
/terence-kongolo/profil/spieler/152651,Terence+Kongolo+Huddersfield,136000
/pavel-yakovlev/profil/spieler/63170,Pavel+Yakovlev+Krylya+Sovetov+Samara,27300
/nicola-sansone/profil/spieler/82048,Nicola+Sansone+Bologna,442000
/marc-cucurella/profil/spieler/284857,Marc+Cucurella+Eibar,116000
/jan-ingwer-callsen-bracker/profil/spieler/3851,Jan-Ingwer+Callsen-Bracker+Augsburg,59200
/clement-lenglet/profil/spieler/182904,Clément+Lenglet+Barcelona,784000
/jonathan-de-guzman/profil/spieler/31067,Jonathan+de+Guzmán+Eintracht+Frankfurt,240000
/dario-benedetto/profil/spieler/92693,Darío+Benedetto+Boca+Juniors,679000
/marcelo-goiano/profil/spieler/248903,Marcelo+Goiano+Braga,2170000
/sergio-gil/profil/spieler/255994,Sergio+Gil+Lugo,5450000
/ramon-abila/profil/spieler/88049,Ramón+Ábila+Boca+Juniors,163000
/yohan-croizet/profil/spieler/195910,Yohan+Croizet+Sporting+Kansas+City,29300
/calogero-rizzuto/profil/spieler/93753,Calogero+Rizzuto+Erzgebirge+Aue,56000
/aleksandr-samedov/profil/spieler/15076,Aleksandr+Samedov+Krylya+Sovetov+Samara,27100
/darron-gibson/profil/spieler/42413,Darron+Gibson+Wigan,64000
/serhii-rybalka/profil/spieler/81649,Serhiy+Rybalka+Sivasspor,36300
/martin-chrien/profil/spieler/252712,Martin+Chrien+Santa+Clara,20300
/jorge-pulido/profil/spieler/67546,Jorge+Pulido+SD+Huesca,126000
/claudio-yacob/profil/spieler/45330,Claudio+Yacob+Nottingham+Forest,0
/nicolas-aguirre/profil/spieler/88166,Nicolás+Aguirre+Granada,3380000
/lautaro-gianetti/profil/spieler/225963,Lautaro+Gianetti+Velez+Sarsfield,34300
/bruno-ecuele-manga/profil/spieler/60990,Bruno+Ecuele+Manga+Cardiff,94600
/oliver-mcburnie/profil/spieler/298477,Oliver+McBurnie+Swansea,74000
/ferhat-kaplan/profil/spieler/93104,Ferhat+Kaplan+Antalyaspor,103000
/fallou-diagne/profil/spieler/82389,Fallou+Diagne+Konyaspor,56500
/aissa-mandi/profil/spieler/80293,Aissa+Mandi+Real+Betis,256000
/aaron-seydel/profil/spieler/187499,Aaron+Seydel+Holstein+Kiel,33900
/maximiliano-gomez/profil/spieler/396894,Maxi+Gómez+Celta+Vigo,655000
/yuri-gazinskiy/profil/spieler/159957,Yuri+Gazinskiy+FC+Krasnodar,39200
/nicolas-benezet/profil/spieler/164230,Nicolas+Benezet+Guingamp,131000
/john-goossens/profil/spieler/35527,John+Goossens+ADO+Den+Haag,120000
/ruud-boffin/profil/spieler/31336,Ruud+Boffin+Antalyaspor,40500
/tomas-hubocan/profil/spieler/63252,Tomas+Hubocan+Marseille,60500
/nick-kuipers/profil/spieler/159032,Nick+Kuipers+FC+Emmen,124000
/papiss-demba-cisse/profil/spieler/33952,Papiss+Demba+Cissé+Alanyaspor,45800
/ben-amos/profil/spieler/73472,Ben+Amos+Millwall,74000
/nikola-maras/profil/spieler/258475,Nikola+Maras+Chaves,46600
/yann-aurel-bisseck/profil/spieler/441986,Yann+Bisseck+Holstein+Kiel,17400
/yeray-alvarez/profil/spieler/255488,Yeray+Álvarez+Athletic+Bilbao,223000
/ivan-gomez/profil/spieler/459318,Iván+Gómez+Estudiantes,8710000
/iker-casillas/profil/spieler/3979,Iker+Casillas+FC+Porto,2570000
/maximilian-jansen/profil/spieler/149209,Maximilian+Jansen+Sandhausen,27700
/dominik-baumgartner/profil/spieler/206906,Dominik+Baumgartner+Bochum,70400
/niki-jackson/profil/spieler/544390,Niki+Jackson+Colorado+Rapids,280000
/mathias-suarez/profil/spieler/294895,Mathías+Suárez+Montpellier,173000
/nikola-stojiljkovic/profil/spieler/113504,Nikola+Stojiljkovic+Mallorca,21800
/jordan-teze/profil/spieler/364245,Jordan+Teze+PSV+Eindhoven,44600
/nikola-vukcevic/profil/spieler/151470,Nikola+Vukcevic+Levante,93100
/asier-illarramendi/profil/spieler/59344,Asier+Illarramendi+Real+Sociedad,271000
/claudio-marchisio/profil/spieler/44716,Claudio+Marchisio+Zenit+St.+Petersburg,57600
/iddrisu-baba/profil/spieler/442805,Idrissu+Baba+Mallorca,16500
/kristoffer-olsson/profil/spieler/193592,Kristoffer+Olsson+FC+Krasnodar,33900
/ilzat-akhmetov/profil/spieler/334440,Ilzat+Akhmetov+CSKA+Moscow,26300
/lucas-digne/profil/spieler/126664,Lucas+Digne+Everton,686000
/ravanelli/profil/spieler/390370,Ravanelli+FK+Akhmat,14400
/lionel-messi/profil/spieler/28003,Lionel+Messi+Barcelona,76800000
/raul-albiol/profil/spieler/15452,Raúl+Albiol+Napoli,341000
/rodrigo-brana/profil/spieler/56001,Rodrigo+Braña+Estudiantes,170000
/josh-sargent/profil/spieler/393325,Joshua+Sargent+Werder+Bremen,142000
/gonzalo-castellani/profil/spieler/87840,Gonzalo+Castellani+San+Lorenzo,204000
/dominik-kohr/profil/spieler/118847,Dominik+Kohr+Bayer+Leverkusen,141000
/timur-zhamaletdinov/profil/spieler/315557,Timur+Zhamaletdinov+CSKA+Moscow,19000
/pawel-jaroszynski/profil/spieler/287600,Pawel+Jaroszynski+Chievo,51300
/rani-khedira/profil/spieler/124410,Rani+Khedira+Augsburg,106000
/lisandro-martinez/profil/spieler/480762,Lisandro+Martínez+Defensa+y+Justicia,412000
/ahmed-ildiz/profil/spieler/226169,Ahmed+Ildiz+Yeni+Malatyaspor,57300
/erick-cabaco/profil/spieler/302991,Erick+Cabaco+Levante,120000
/salih-dursun/profil/spieler/176961,Salih+Dursun+Antalyaspor,177000
/rouwen-hennings/profil/spieler/16311,Rouwen+Hennings+Fortuna+Duesseldorf,107000
/javier-manquillo/profil/spieler/162029,Javier+Manquillo+Newcastle+United,160000
/vincent-manceau/profil/spieler/83132,Vincent+Manceau+Angers,143000
/adis-jahovic/profil/spieler/98536,Adis+Jahovic+Konyaspor,113000
/tom-carroll/profil/spieler/121279,Tom+Carroll+Swansea,770000
/jonathan-biabiany/profil/spieler/45567,Jonathan+Biabiany+Parma+Calcio+1913,47800
/nahuel-molina/profil/spieler/424042,Nahuel+Molina+Rosario+Central,417000
/jonas-martin/profil/spieler/127142,Jonas+Martin+Strasbourg,1550000
/marlon-ritter/profil/spieler/151636,Marlon+Ritter+Paderborn,78100
/ayoub-el-kaabi/profil/spieler/521127,Ayoub+El+Kaabi+Hebei+CFFC,26700
/adam-smith/profil/spieler/61841,Adam+Smith+Bournemouth,2840000
/chris-lowe/profil/spieler/55125,Chris+Löwe+Huddersfield,75400
/sem-steijn/profil/spieler/593519,Sem+Steijn+VVV-Venlo,27000
/alex-telles/profil/spieler/255755,Alex+Telles+FC+Porto,1240000
/jorrit-hendrix/profil/spieler/205004,Jorrit+Hendrix+PSV+Eindhoven,102000
/marco-asensio/profil/spieler/296622,Marco+Asensio+Real+Madrid,0
/timo-baumgartl/profil/spieler/187491,Timo+Baumgartl+VfB+Stuttgart,121000
/javi-fuego/profil/spieler/56134,Javi+Fuego+Villarreal,303000
/joao-teixeira/profil/spieler/182710,João+Teixeira+Chaves,15400000
/facundo-piriz/profil/spieler/148607,Facundo+Píriz+Montpellier,30000
/younes-namli/profil/spieler/227039,Younes+Namli+PEC+Zwolle,67100
/arturo-calabresi/profil/spieler/240897,Arturo+Calabresi+Bologna,442000
/niklas-sule/profil/spieler/166601,Niklas+Süle+Bayern+Munich,457000
/kyle-bartley/profil/spieler/67421,Kyle+Bartley+West+Bromwich+Albion,108000
/ryan-manning/profil/spieler/262300,Ryan+Manning+Queens+Park+Rangers,2150000
/omar-browne/profil/spieler/189523,Omar+Browne+Montreal+Impact,295000
/sergey-petrov/profil/spieler/102581,Sergey+Petrov+FC+Krasnodar,73400
/ezequiel-unsain/profil/spieler/337600,Luis+Unsain+Defensa+y+Justicia,42800
/pele/profil/spieler/99189,Pelé+Nottingham+Forest,570000
/fabio-quagliarella/profil/spieler/22328,Fabio+Quagliarella+Sampdoria,886000
/mubarak-wakaso/profil/spieler/45639,Mubarak+Wakaso+Deportivo+Alaves,126000
/lionn/profil/spieler/75116,Lionn+Chaves,48000
/gaston-bojanich/profil/spieler/357337,Gastón+Bojanich+Argentinos+Juniors,54500
/rodrigo-de-paul/profil/spieler/255901,Rodrigo+de+Paul+Udinese,374000
/bruno-martins-indi/profil/spieler/112052,Bruno+Martins+Indi+Stoke,130000
/pierrick-capelle/profil/spieler/214532,Pierrick+Capelle+Angers,81200
/jonathan-osorio/profil/spieler/260807,Jonathan+Osorio+Toronto+FC,262000
/giorgi-papunashvili/profil/spieler/214259,Giorgi+Papunashvili+Real+Zaragoza,22600
/lukas-gugganig/profil/spieler/164142,Lukas+Gugganig+Greuther+Fuerth,54300
/drew-moor/profil/spieler/39503,Drew+Moor+Toronto+FC,298000
/julian-brandt/profil/spieler/187492,Julian+Brandt+Bayer+Leverkusen,801000
/denis-thomalla/profil/spieler/94030,Denis+Thomalla+FC+Heidenheim,69000
/sergio-ramos/profil/spieler/25557,Sergio+Ramos+Real+Madrid,26800000
/giorgi-aburjania/profil/spieler/186848,Giorgi+Aburjania+Lugo,24700
/nathan-byrne/profil/spieler/121276,Nathan+Byrne+Wigan,247000
/faycal-fajr/profil/spieler/174344,Faycal+Fajr+Caen,160000
/richonell-margaret/profil/spieler/465326,Richonell+Margaret+Vitesse,17300
/guilherme-oliveira/profil/spieler/257369,Guilherme+Oliveira+Belenenses+SAD,37900
/artem-rebrov/profil/spieler/15680,Artyom+Rebrov+Spartak+Moscow,41500
/yohan-benalouane/profil/spieler/50477,Yohan+Benalouane+Nottingham+Forest,64800
/milton-alvarez/profil/spieler/526527,Milton+Álvarez+Independiente,1360000
/johan-blomberg/profil/spieler/107539,Johan+Blomberg+Colorado+Rapids,42000
/diego-valoyes/profil/spieler/413983,Diego+Valoyes+Talleres,30300
/milan-lukac/profil/spieler/47024,Milan+Lukac+Akhisarspor,31700
/sven-michel/profil/spieler/186988,Sven+Michel+Paderborn,352000
/jannik-dehm/profil/spieler/211671,Jannik+Dehm+Holstein+Kiel,32600
/james-milner/profil/spieler/3333,James+Milner+Liverpool,6920000
/miguel-veloso/profil/spieler/43848,Miguel+Veloso+Genoa,173000
/cristian-ansaldi/profil/spieler/55854,Cristian+Ansaldi+Torino,207000
/fabian-henriquez/profil/spieler/400611,Fabián+Henríquez+Godoy+Cruz,606000
/ruben-duarte/profil/spieler/177046,Rubén+Duarte+Deportivo+Alaves,0
/nildo-petrolina/profil/spieler/158427,Nildo+Petrolina+Aves,37000
/emiliano-velazquez/profil/spieler/189458,Emiliano+Velázquez+Rayo+Vallecano,93700
/chris-basham/profil/spieler/52495,Chris+Basham+Sheffield+United,103000
/maciej-wilusz/profil/spieler/42109,Maciej+Wilusz+FC+Rostov,22900
/gerard-moreno/profil/spieler/177467,Gerard+Moreno+Villarreal,1790000
/ciro-rius/profil/spieler/101875,Ciro+Rius+Defensa+y+Justicia,146000
/nikolay-markov/profil/spieler/89088,Nikolai+Markov+FC+Krasnodar,41700
/zelimkhan-bakaev/profil/spieler/279242,Zelimkhan+Bakaev+Arsenal+Tula,17500
/maxime-le-marchand/profil/spieler/60558,Maxime+Le+Marchand+Fulham,120000
/john-guidetti/profil/spieler/98596,John+Guidetti+Deportivo+Alaves,155000
/antonis-aidonis/profil/spieler/405674,Antonis+Aidonis+VfB+Stuttgart,125000
/assil-jaziri/profil/spieler/633398,Assil+Jaziri+Nice,13400
/guilherme/profil/spieler/55369,Guilherme+Lokomotiv+Moscow,101000
/alfredo-morales/profil/spieler/58500,Alfredo+Morales+Fortuna+Duesseldorf,325000
/claudio-falcao/profil/spieler/437566,Falcão+Aves,2240000
/accioly/profil/spieler/56054,Accioly+Santa+Clara,277000
/carlos-soler/profil/spieler/372246,Carlos+Soler+Valencia,8640000
/dani-schahin/profil/spieler/58437,Dani+Schahin+Extremadura,10800
/miguel-linares/profil/spieler/95504,Miguel+Linares+Real+Zaragoza,3760000
/danil-lipovoy/profil/spieler/462988,Danil+Lipovoy+Dinamo+Moscow,16400
/shawn-parker/profil/spieler/89659,Shawn+Parker+Greuther+Fuerth,61700
/alvaro-vadillo/profil/spieler/162074,Álvaro+Vadillo+Granada,382000
/stefan-johansen/profil/spieler/62008,Stefan+Johansen+West+Bromwich+Albion,140000
/iker-muniain/profil/spieler/54235,Iker+Muniain+Athletic+Bilbao,272000
/daniel-heuer-fernandes/profil/spieler/84993,Daniel+Heuer+Fernandes+Darmstadt,111000
/jason-puncheon/profil/spieler/47995,Jason+Puncheon+Huddersfield,83000
/cian-harries/profil/spieler/319300,Cian+Harries+Swansea,26400
/oliver-skipp/profil/spieler/406638,Oliver+Skipp+Tottenham,103000
/kylian-mbappe/profil/spieler/342229,Kylian+Mbappé+Paris+Saint-Germain,7560000
/edimilson-fernandes/profil/spieler/247555,Edimilson+Fernandes+Fiorentina,168000
/kortney-hause/profil/spieler/233124,Kortney+Hause+Aston+Villa,113000
/minhoca/profil/spieler/194177,Minhoca+Santa+Clara,107000
/gersom-klok/profil/spieler/56325,Gersom+Klok+FC+Emmen,26800
/georgios-tzavellas/profil/spieler/42942,Georgios+Tzavellas+Alanyaspor,32500
/david-costas/profil/spieler/276111,David+Costas+Celta+Vigo,413000
/marcus-epps/profil/spieler/482646,Marcus+Epps+New+York+Red+Bulls,969000
/odil-akhmedov/profil/spieler/63606,Odil+Akhmedov+Shanghai+SIPG+FC,34600
/javier-gandolfi/profil/spieler/26242,Javier+Gandolfi+Talleres,82700
/daniel-salloi/profil/spieler/321946,Dániel+Sallói+Sporting+Kansas+City,62200
/chey-dunkley/profil/spieler/217094,Cheyenne+Dunkley+Wigan,18400
/martin-hinteregger/profil/spieler/85789,Martin+Hinteregger+Eintracht+Frankfurt,225000
/erik-holt/profil/spieler/510344,Erik+Holt+Real+Salt+Lake,923000
/tim-knipping/profil/spieler/185520,Tim+Knipping+Sandhausen,37100
/ryad-boudebouz/profil/spieler/77826,Ryad+Boudebouz+Celta+Vigo,156000
/marek-hamsik/profil/spieler/38593,Marek+Hamsik+Dalian+Yifang,97000
/luquinhas/profil/spieler/402825,Luquinhas+Aves,30800
/branislav-ivanovic/profil/spieler/36827,Branislav+Ivanovic+Zenit+St.+Petersburg,96500
/florian-kruger/profil/spieler/317740,Florian+Krüger+Erzgebirge+Aue,60500
/cameron-carter-vickers/profil/spieler/341049,Cameron+Carter-Vickers+Swansea,183000
/lewis-walker/profil/spieler/430801,Lewis+Walker+Queens+Park+Rangers,1780000
/rui-patricio/profil/spieler/45026,Rui+Patrício+Wolverhampton+Wanderers,174000
/magomed-elmurzaev/profil/spieler/450282,Magomed+Elmurzaev+Anzhi+Makhachkala,18300
/ivan-arboleda/profil/spieler/260740,Mauricio+Arboleda+Banfield,51800
/alvaro-raton/profil/spieler/248551,Álvaro+Ratón+Real+Zaragoza,732000
/wesley-lautoa/profil/spieler/154199,Wesley+Lautoa+Dijon,52300
/diogo-goncalves/profil/spieler/258015,Diogo+Gonçalves+Nottingham+Forest,365000
/tomas-rincon/profil/spieler/75942,Tomás+Rincón+Torino,643000
/samuel-chukwueze/profil/spieler/401922,Samuel+Chukwueze+Villarreal,188000
/simone-iacoponi/profil/spieler/59699,Simone+Iacoponi+Parma+Calcio+1913,25800
/oliver-sorg/profil/spieler/55114,Oliver+Sorg+Hannover+96,136000
/marcos-acuna/profil/spieler/60410,Marcos+Acuña+Sporting+CP,140000
/xadas/profil/spieler/345345,Bruno+Xadas+Braga,87500
/nicola-dalmonte/profil/spieler/301237,Nicola+Dalmonte+Genoa,163000
/lennart-thy/profil/spieler/23553,Lennart+Thy+PEC+Zwolle,63100
/juan-andrada/profil/spieler/457212,Juan+Andrada+Godoy+Cruz,445000
/jan-moravek/profil/spieler/63022,Jan+Morávek+Augsburg,81500
/nicolas-domingo/profil/spieler/39150,Nicolás+Domingo+Independiente,11300000
/kevin-kampl/profil/spieler/53418,Kevin+Kampl+RasenBallsport+Leipzig,242000
/kofi-opare/profil/spieler/256357,Kofi+Opare+Colorado+Rapids,23700
/mitchell-dijks/profil/spieler/187245,Mitchell+Dijks+Bologna,218000
/gotoku-sakai/profil/spieler/103310,Gotoku+Sakai+Hamburger+SV,224000
/vlad-chiriches/profil/spieler/123261,Vlad+Chiriches+Napoli,136000
/artur-nigmatullin/profil/spieler/70074,Artur+Nigmatullin+Arsenal+Tula,26100
/romain-thomas/profil/spieler/57467,Romain+Thomas+Angers,2410000
/derrick-luckassen/profil/spieler/241457,Derrick+Luckassen+Hertha+Berlin,50700
/oscar-trejo/profil/spieler/30321,Óscar+Trejo+Rayo+Vallecano,95800
/dominik-reimann/profil/spieler/238722,Dominik+Reimann+Holstein+Kiel,47200
/moataz-zemzemi/profil/spieler/422893,Moataz+Zemzemi+Strasbourg,19700
/nils-roseler/profil/spieler/47740,Nils+Röseler+VVV-Venlo,39700
/tomer-hemed/profil/spieler/112668,Tomer+Hemed+Queens+Park+Rangers,62400
/olivier-boscagli/profil/spieler/318508,Olivier+Boscagli+Nice,67600
/tristan-dekker/profil/spieler/315124,Tristan+Dekker+VVV-Venlo,65400
/jan-kral/profil/spieler/358132,Jan+Kral+Erzgebirge+Aue,42500
/jovane-cabral/profil/spieler/448466,Jovane+Cabral+Sporting+CP,67000
/alex-ferrari/profil/spieler/197491,Alex+Ferrari+Sampdoria,424000
/marwin-reuvers/profil/spieler/470910,Marwin+Reuvers+NAC+Breda,45000
/ayo-akinola/profil/spieler/370979,Ayo+Akinola+Toronto+FC,35800
/alessandro-murgia/profil/spieler/289061,Alessandro+Murgia+SPAL+2013,76800
/daniel-didavi/profil/spieler/57995,Daniel+Didavi+VfB+Stuttgart,185000
/andrey-lunev/profil/spieler/112541,Andrey+Lunev+Zenit+St.+Petersburg,34100
/ilkay-gundogan/profil/spieler/53622,Ilkay+Gündogan+ManCity,2520000
/dani-parejo/profil/spieler/59561,Daniel+Parejo+Valencia,1960000
/sandro-wagner/profil/spieler/39743,Sandro+Wagner+Tianjin+Teda,41800
/nikola-vlasic/profil/spieler/293200,Nikola+Vlasic+CSKA+Moscow,100000
/svante-ingelsson/profil/spieler/321079,Svante+Ingelsson+Udinese,87900
/yannick-stark/profil/spieler/49737,Yannick+Stark+Darmstadt,0
/pablo-mari/profil/spieler/210178,Pablo+Marí+Deportivo+La+Coruna,692000
/rui-silva/profil/spieler/234811,Rui+Silva+Granada,1460000
/gedion-zelalem/profil/spieler/228370,Gedion+Zelalem+Sporting+Kansas+City,22000
/thijmen-goppel/profil/spieler/342240,Thijmen+Goppel+ADO+Den+Haag,34200
/nolan-mbemba/profil/spieler/276768,Nolan+Mbemba+Reims,32100
/frank-acheampong/profil/spieler/157160,Frank+Acheampong+Tianjin+Teda,204000
/sebastian-palacios/profil/spieler/262861,Sebastián+Palacios+Talleres,6170000
/tono/profil/spieler/125931,Toño+Levante,436000
/boubacar-kamara/profil/spieler/394327,Boubacar+Kamara+Marseille,253000
/felix-eboa-eboa/profil/spieler/296359,Félix+Eboa+Eboa+Guingamp,71500
/molla-wague/profil/spieler/129893,Molla+Wagué+Nottingham+Forest,34000
/eric-dier/profil/spieler/175722,Eric+Dier+Tottenham,2390000
/tate-schmitt/profil/spieler/637658,Tate+Schmitt+Real+Salt+Lake,283000
/robert-leipertz/profil/spieler/119120,Robert+Leipertz+FC+Heidenheim,58600
/stiven-mendoza/profil/spieler/131101,John+Stiven+Mendoza+Amiens,145000
/arturo-mina/profil/spieler/263628,Arturo+Mina+Yeni+Malatyaspor,180000
/andre-claro/profil/spieler/86804,André+Claro+Boavista,9290000
/lucas-tousart/profil/spieler/353948,Lucas+Tousart+Lyon,219000
/josue/profil/spieler/72772,Josué+Akhisarspor,103000
/alejandro-pozuelo/profil/spieler/188853,Alejandro+Pozuelo+Toronto+FC,171000
/sergio-floccari/profil/spieler/30638,Sergio+Floccari+SPAL+2013,51000
/ionut-radu/profil/spieler/303657,Ionut+Radu+Genoa,111000
/abdou-traore/profil/spieler/42941,Abdou+Traoré+Konyaspor,77100
/marc-andre-ter-stegen/profil/spieler/74857,Marc-André+ter+Stegen+Barcelona,1030000
/damian-batallini/profil/spieler/421998,Damián+Batallini+Argentinos+Juniors,64300
/alireza-jahanbakhsh/profil/spieler/213268,Alireza+Jahanbakhsh+Brighton,128000
/ademola-lookman/profil/spieler/406040,Ademola+Lookman+Everton,283000
/rajko-rotman/profil/spieler/100303,Rajko+Rotman+Akhisarspor,30700
/michael-murillo/profil/spieler/354482,Michael+Murillo+New+York+Red+Bulls,705000
/platiny/profil/spieler/248901,Platiny+Chaves,64400
/kekuta-manneh/profil/spieler/253053,Kekuta+Manneh+FC+Cincinnati,26200
/said-benrahma/profil/spieler/290532,Said+Benrahma+Brentford,76600
/daryl-murphy/profil/spieler/31312,Daryl+Murphy+Nottingham+Forest,383000
/anwar-el-ghazi/profil/spieler/183720,Anwar+El+Ghazi+Aston+Villa,283000
/mickey-van-der-hart/profil/spieler/207048,Mickey+van+der+Hart+PEC+Zwolle,180000
/jordan-morris/profil/spieler/337807,Jordan+Morris+Seattle+Sounders+FC,335000
/clinton-njie/profil/spieler/241119,Clinton+N'Jie+Marseille,117000
/santi-comesana/profil/spieler/380598,Santiago+Comesaña+Rayo+Vallecano,57800
/onur-ayik/profil/spieler/52006,Onur+Ayik+Akhisarspor,40800
/rodrigo-battaglia/profil/spieler/89297,Rodrigo+Battaglia+Sporting+CP,127000
/ih-yeong-park/profil/spieler/307397,Yiyoung+Park+St.+Pauli,55900
/welinton/profil/spieler/95152,Welinton+Alanyaspor,430000
/antonio-mirante/profil/spieler/22141,Antonio+Mirante+Roma,1040000
/dominic-samuel/profil/spieler/203784,Dominic+Samuel+Blackburn,1320000
/dogukan-sinik/profil/spieler/370833,Dogukan+Sinik+Antalyaspor,51000
/mikhail-ignatov/profil/spieler/419672,Mikhail+Ignatov+Spartak+Moscow,19200
/orel-mangala/profil/spieler/289592,Orel+Mangala+Hamburger+SV,206000
/nils-butzen/profil/spieler/151105,Nils+Butzen+Magdeburg,40900
/steffen-schafer/profil/spieler/119291,Steffen+Schäfer+Magdeburg,264000
/luca-sangalli/profil/spieler/289286,Luca+Sangalli+Real+Sociedad,79500
/tommy-elphick/profil/spieler/37152,Tommy+Elphick+Aston+Villa,122000
/salvatore-sirigu/profil/spieler/25508,Salvatore+Sirigu+Torino,243000
/ander-capa/profil/spieler/197545,Ander+Capa+Athletic+Bilbao,347000
/pablo-valcarce/profil/spieler/365313,Pablo+Valcarce+Mallorca,185000
/georgi-zotov/profil/spieler/113235,Georgi+Zotov+Krylya+Sovetov+Samara,25700
/christian-fernandez/profil/spieler/48294,Christian+Fernández+Real+Oviedo,2960000
/djordje-mihailovic/profil/spieler/484756,Djordje+Mihailovic+Chicago+Fire,35000
/juan-foyth/profil/spieler/480763,Juan+Foyth+Tottenham,336000
/eder/profil/spieler/37418,Éder+Jiangsu+Suning+FC,70300
/diogo-leite/profil/spieler/357156,Diogo+Leite+FC+Porto,780000
/kyle-vassell/profil/spieler/293002,Kyle+Vassell+Rotherham,28900
/laurent-ciman/profil/spieler/22338,Laurent+Ciman+Toronto+FC,54000
/kik-pierie/profil/spieler/361207,Kik+Pierie+SC+Heerenveen,77300
/richard-magyar/profil/spieler/148727,Richard+Magyar+Greuther+Fuerth,57400
/arthur/profil/spieler/362842,Arthur+Barcelona,50100000
/vincent-laurini/profil/spieler/94936,Vincent+Laurini+Fiorentina,64800
/danilo-silva/profil/spieler/61952,Danilo+Silva+Los+Angeles+FC,649000
/osvaldo-alonso/profil/spieler/62810,Osvaldo+Alonso+Minnesota+United,284000
/tobias-mohr/profil/spieler/153661,Tobias+Mohr+Greuther+Fuerth,65400
/hee-chan-hwang/profil/spieler/292246,Hee-Chan+Hwang+Hamburger+SV,340000
/lautaro-guzman/profil/spieler/626916,Lautaro+Guzmán+Talleres,273000
/martin-skrtel/profil/spieler/24180,Martin+Skrtel+Fenerbahce,586000
/julian-pollersbeck/profil/spieler/228975,Julian+Pollersbeck+Hamburger+SV,114000
/deni-milosevic/profil/spieler/168163,Deni+Milosevic+Konyaspor,99200
/ze-luis/profil/spieler/134602,Zé+Luís+Spartak+Moscow,418000
/mathias-normann/profil/spieler/257805,Mathias+Normann+FC+Rostov,23800
/timo-werner/profil/spieler/170527,Timo+Werner+RasenBallsport+Leipzig,1100000
/ismael-quilez/profil/spieler/91360,Ismael+Quílez+Aldosivi,0
/beram-kayal/profil/spieler/44741,Beram+Kayal+Brighton,79000
/valter-birsa/profil/spieler/26105,Valter+Birsa+Chievo,147000
/alex-muyl/profil/spieler/413690,Alex+Muyl+New+York+Red+Bulls,66600
/romain-genevois/profil/spieler/57525,Romain+Genevois+Caen,346000
/mohamed-elneny/profil/spieler/160438,Mohamed+Elneny+Arsenal,648000
/tom-davies/profil/spieler/314210,Tom+Davies+Everton,1220000
/sam-vines/profil/spieler/535282,Sam+Vines+Colorado+Rapids,207000
/albert-rusnak/profil/spieler/43228,Albert+Rusnák+Real+Salt+Lake,117000
/enrique-borja/profil/spieler/417326,Enrique+Borja+Argentinos+Juniors,467000
/marcus-thuram/profil/spieler/318528,Marcus+Thuram+Guingamp,197000
/robert-andrich/profil/spieler/159088,Robert+Andrich+FC+Heidenheim,40500
/zac-macmath/profil/spieler/156300,Zac+MacMath+Vancouver+Whitecaps,51200
/sven-braken/profil/spieler/185400,Sven+Braken+FC+Emmen,32300
/okechukwu-azubuike/profil/spieler/386126,Okechukwu+Azubuike+Rizespor,31500
/michael-brouwer/profil/spieler/231650,Michael+Brouwer+Heracles,489000
/egor-baburin/profil/spieler/146918,Egor+Baburin+Rubin+Kazan,41600
/sadio-mane/profil/spieler/200512,Sadio+Mané+Liverpool,5140000
/kristofer-kristinsson/profil/spieler/400174,Kristófer+Kristinsson+Willem+II,54800
/evens-joseph/profil/spieler/593320,Evens+Joseph+Caen,50100
/lukas-kubler/profil/spieler/93604,Lukas+Kübler+Freiburg,114000
/marvin-plattenhardt/profil/spieler/89592,Marvin+Plattenhardt+Hertha+Berlin,159000
/emerson-hyndman/profil/spieler/223047,Emerson+Hyndman+Bournemouth,42500
/darwin-quintero/profil/spieler/55666,Darwin+Quintero+Minnesota+United,318000
/manuel-castro/profil/spieler/335984,Manuel+Castro+Estudiantes,14500000
/wilson-kamavuaka/profil/spieler/55512,Wilson+Kamavuaka+Darmstadt,26600
/jese/profil/spieler/134936,Jesé+Real+Betis,507000
/marco-dalessandro/profil/spieler/99232,Marco+D'Alessandro+Udinese,1580000
/lucas-vazquez/profil/spieler/221316,Lucas+Vázquez+Real+Madrid,6890000
/yekta-kurtulus/profil/spieler/63204,Yekta+Kurtulus+Antalyaspor,101000
/raul-guti/profil/spieler/330352,Guti+Real+Zaragoza,566000
/abdul-aziz-tetteh/profil/spieler/157003,Tetteh+Dinamo+Moscow,51200
/franck-evina/profil/spieler/336331,Franck+Evina+Holstein+Kiel,19500
/ruben-pena/profil/spieler/238868,Rubén+Peña+Eibar,844000
/keagan-dolly/profil/spieler/234006,Keagan+Dolly+Montpellier,79700
/lewis-wing/profil/spieler/517286,Lewis+Wing+Middlesbrough,582000
/federico-cartabia/profil/spieler/242548,Fede+Cartabia+Deportivo+La+Coruna,84900
/isaac-hayden/profil/spieler/206225,Isaac+Hayden+Newcastle+United,499000
/jack-butland/profil/spieler/128899,Jack+Butland+Stoke,339000
/michael-dawson/profil/spieler/9988,Michael+Dawson+Nottingham+Forest,1240000
/aly-ghazal/profil/spieler/254981,Ali+Ghazal+Feirense,17600
/martin-montoya/profil/spieler/68645,Martín+Montoya+Brighton,521000
/cristian-pavon/profil/spieler/373170,Cristian+Pavón+Boca+Juniors,504000
/alvaro-medran/profil/spieler/253839,Álvaro+Medrán+Rayo+Vallecano,93900
/samba-sow/profil/spieler/89461,Samba+Sow+Dinamo+Moscow,189000
/alejandro-romero-gamarra/profil/spieler/355817,Alejandro+Romero+Gamarra+New+York+Red+Bulls,117000
/oghenekaro-etebo/profil/spieler/409106,Peter+Etebo+Stoke,61100
/khaled-adenon/profil/spieler/39174,Khaled+Adénon+Amiens,77800
/michael-hefele/profil/spieler/102382,Michael+Hefele+Nottingham+Forest,36500
/aatif-chahechouhe/profil/spieler/73480,Aatif+Chahechouhe+Rizespor,152000
/ramon-pascal-lundqvist/profil/spieler/238084,Ramon-Pascal+Lundqvist+NAC+Breda,35700
/nouha-dicko/profil/spieler/173750,Nouha+Dicko+Hull,45800
/mustafa-akbas/profil/spieler/98113,Mustafa+Akbas+Yeni+Malatyaspor,119000
/marakis/profil/spieler/188669,Sérgio+Marakis+Nacional,18700
/cristian-chavez/profil/spieler/70132,Cristian+Chávez+Aldosivi,149000
/lazar-markovic/profil/spieler/144303,Lazar+Markovic+Fulham,136000
/maksim-semakin/profil/spieler/72165,Maksim+Semakin+FC+Yenisey+Krasnoyarsk,10900
/zian-flemming/profil/spieler/411537,Zian+Flemming+PEC+Zwolle,38800
/robert-strauss/profil/spieler/18068,Robert+Strauß+FC+Heidenheim,96100
/toni-lato/profil/spieler/320271,Toni+Lato+Valencia,1070000
/jack-grealish/profil/spieler/203460,Jack+Grealish+Aston+Villa,1350000
/tim-matavz/profil/spieler/50303,Tim+Matavz+Vitesse,86100
/albert-adomah/profil/spieler/83430,Albert+Adomah+Aston+Villa,344000
/kiki/profil/spieler/270055,Kiki+Belenenses+SAD,23500
/jake-nerwinski/profil/spieler/482612,Jakob+Nerwinski+Vancouver+Whitecaps,14000
/eljif-elmas/profil/spieler/400489,Eljif+Elmas+Fenerbahce,1710000
/dimitri-payet/profil/spieler/37647,Dimitri+Payet+Marseille,794000
/sven-ulreich/profil/spieler/40680,Sven+Ulreich+Bayern+Munich,330000
/danilo-soares/profil/spieler/154396,Danilo+Soares+Bochum,111000
/robert-muhren/profil/spieler/186763,Robert+Mühren+NAC+Breda,59800
/johnny-russell/profil/spieler/55494,Johnny+Russell+Sporting+Kansas+City,1620000
/henri-lansbury/profil/spieler/44794,Henri+Lansbury+Aston+Villa,103000
/brandon-servania/profil/spieler/455979,Brandon+Servania+FC+Dallas,14800
/jailson/profil/spieler/366948,Jailson+Fenerbahce,634000
/britt-assombalonga/profil/spieler/186172,Britt+Assombalonga+Middlesbrough,138000
/conor-townsend/profil/spieler/146509,Conor+Townsend+West+Bromwich+Albion,382000
/ivan-markelov/profil/spieler/106569,Ivan+Markelov+Anzhi+Makhachkala,17900
/marcelo/profil/spieler/52920,Marcelo+Lyon,9720000
/anton-shunin/profil/spieler/37549,Anton+Shunin+Dinamo+Moscow,25300
/mikel-san-jose/profil/spieler/52469,Mikel+San+José+Athletic+Bilbao,76000000
/jan-vertonghen/profil/spieler/43250,Jan+Vertonghen+Tottenham,2580000
/eric-miller/profil/spieler/245315,Eric+Miller+Minnesota+United,17500000
/kyle-duncan/profil/spieler/349699,Kyle+Duncan+New+York+Red+Bulls,5640000
/emmanuel-iyoha/profil/spieler/314245,Emmanuel+Iyoha+Erzgebirge+Aue,51300
/romulo/profil/spieler/121756,Rômulo+Lazio,538000
/murat-cem-akpinar/profil/spieler/388913,Murat+Cem+Akpinar+Trabzonspor,319000
/luca-plogmann/profil/spieler/335997,Luca+Plogmann+Werder+Bremen,42400
/erwin-mulder/profil/spieler/56631,Erwin+Mulder+Swansea,74200
/david-junca/profil/spieler/164055,David+Juncà+Celta+Vigo,107000
/matias-caruzzo/profil/spieler/56573,Matías+Caruzzo+Rosario+Central,78800
/vitor-goncalves/profil/spieler/194547,Vítor+Gonçalves+Nacional,7190000
/markel-susaeta/profil/spieler/54245,Markel+Susaeta+Athletic+Bilbao,212000
/brice-samba/profil/spieler/191056,Brice+Samba+Caen,140000
/geronimo-rulli/profil/spieler/229604,Gerónimo+Rulli+Real+Sociedad,155000
/andrej-kramaric/profil/spieler/46580,Andrej+Kramaric+Hoffenheim,307000
/anaitz-arbilla/profil/spieler/71548,Anaitz+Arbilla+Eibar,63500
/alan/profil/spieler/73460,Alan+Tianjin+Tianhai,52200
/benjamin-hubner/profil/spieler/52348,Benjamin+Hübner+Hoffenheim,129000
/kevin-lankford/profil/spieler/338879,Kevin+Lankford+St.+Pauli,74100
/enis-hajri/profil/spieler/28735,Enis+Hajri+Duisburg,49200
/steve-mandanda/profil/spieler/23951,Steve+Mandanda+Marseille,522000
/raul-navas/profil/spieler/142419,Raúl+Navas+Real+Sociedad,2270000
/adrien-thomasson/profil/spieler/215977,Adrien+Thomasson+Strasbourg,90800
/joshua-brenet/profil/spieler/207006,Joshua+Brenet+Hoffenheim,53100
/erick-pulgar/profil/spieler/215616,Erick+Pulgar+Bologna,216000
/nick-rimando/profil/spieler/39434,Nick+Rimando+Real+Salt+Lake,122000
/lucas-villalba/profil/spieler/240913,Lucas+Villalba+Aldosivi,54800
/simon-dawkins/profil/spieler/57488,Simon+Dawkins+Ipswich,86300
/vitus-eicher/profil/spieler/57796,Vitus+Eicher+FC+Heidenheim,24000
/fabian-ruiz/profil/spieler/350219,Fabián+Ruiz+Napoli,3910000
/carlos-akapo/profil/spieler/225015,Carlos+Akapo+SD+Huesca,39800
/niltinho/profil/spieler/271353,Niltinho+Chaves,130000
/borys-tashchy/profil/spieler/138292,Boris+Tashchy+Duisburg,37200
/aron-gunnarsson/profil/spieler/63821,Aron+Gunnarsson+Cardiff,267000
/william/profil/spieler/153207,William+Chaves,16900000
/toni-sunjic/profil/spieler/60790,Toni+Sunjic+Dinamo+Moscow,15900
/antonin-barak/profil/spieler/272261,Antonin+Barak+Udinese,132000
/callum-connolly/profil/spieler/308632,Callum+Connolly+Bolton,250000
/joe-gomez/profil/spieler/256178,Joe+Gomez+Liverpool,6720000
/junio/profil/spieler/520469,Junio+Rio+Ave,10700000
/elhadji-pape-diaw/profil/spieler/410238,Elhadji+Djibril+Diaw+Angers,17700
/florian-thauvin/profil/spieler/184892,Florian+Thauvin+Marseille,845000
/miguel-luis/profil/spieler/357161,Miguel+Luís+Sporting+CP,3560000
/carlos-martinez/profil/spieler/58074,Carlos+Martínez+Real+Oviedo,9400000
/yannis-ammour/profil/spieler/420782,Yannis+Ammour+Montpellier,16500
/facundo-sanchez/profil/spieler/107523,Facundo+Sánchez+Estudiantes,1830000
/leo-stulac/profil/spieler/171159,Leo+Stulac+Parma+Calcio+1913,23900
/solly-march/profil/spieler/209212,Solly+March+Brighton,250000
/sebastian-griesbeck/profil/spieler/153555,Sebastian+Griesbeck+FC+Heidenheim,84500
/lewis-dunk/profil/spieler/148153,Lewis+Dunk+Brighton,595000
/bart-ramselaar/profil/spieler/326701,Bart+Ramselaar+PSV+Eindhoven,69200
/roman-tugarev/profil/spieler/289643,Roman+Tugarev+Lokomotiv+Moscow,21300
/vladimir-rykov/profil/spieler/117802,Vladimir+Rykov+Dinamo+Moscow,23800
/greg-leigh/profil/spieler/201586,Greg+Leigh+NAC+Breda,52100
/costinha/profil/spieler/236886,Costinha+Chaves,190000
/alex-meret/profil/spieler/240414,Alex+Meret+Napoli,581000
/joao-carvalho/profil/spieler/258005,João+Carvalho+Nottingham+Forest,254000
/ayoze-perez/profil/spieler/246968,Ayoze+Pérez+Newcastle+United,564000
/lukas-jutkiewicz/profil/spieler/33507,Lukas+Jutkiewicz+Birmingham,77300
/mohammed-osman/profil/spieler/273431,Mohammed+Osman+Heracles,81200
/jaakko-oksanen/profil/spieler/433893,Jaakko+Oksanen+Brentford,27500
/oualid-el-hajjam/profil/spieler/283127,Oualid+El+Hajjam+Amiens,49200
/taleb-tawatha/profil/spieler/60761,Taleb+Tawatha+Eintracht+Frankfurt,168000
/jonathas/profil/spieler/58345,Jonathas+Hannover+96,137000
/moryke-fofana/profil/spieler/240497,Moryke+Fofana+Konyaspor,39700
/adrian-calello/profil/spieler/55911,Adrián+Calello+Banfield,30100
/daniel-james/profil/spieler/319301,Daniel+James+Swansea,7760000
/baris-ekincier/profil/spieler/383223,Baris+Ekincier+Bochum,15900
/jack-robinson/profil/spieler/128909,Jack+Robinson+Nottingham+Forest,1800000
/kevin-mohwald/profil/spieler/94137,Kevin+Möhwald+Werder+Bremen,171000
/christian-kouame/profil/spieler/337725,Christian+Kouamé+Genoa,88300
/mucahit-can-akcay/profil/spieler/315202,Mucahit+Can+Akcay+Konyaspor,41200
/mohamed-drager/profil/spieler/192167,Mohamed+Dräger+Paderborn,54700
/joao-talocha/profil/spieler/205116,João+Talocha+Boavista,28800
/reto-ziegler/profil/spieler/9915,Reto+Ziegler+FC+Dallas,67700
/massimo-gobbi/profil/spieler/28020,Massimo+Gobbi+Parma+Calcio+1913,55000
/felix-wiedwald/profil/spieler/44594,Felix+Wiedwald+Duisburg,43100
/diogo-verdasca/profil/spieler/225162,Diogo+Verdasca+Real+Zaragoza,41500
/handwalla-bwana/profil/spieler/425824,Handwalla+Bwana+Seattle+Sounders+FC,19600
/jefferson-montero/profil/spieler/77932,Jefferson+Montero+West+Bromwich+Albion,156000
/paddy-mcnair/profil/spieler/167268,Paddy+McNair+Middlesbrough,76200
/nicolai-muller/profil/spieler/39426,Nicolai+Müller+Hannover+96,294000
/ignacio-piatti/profil/spieler/37433,Ignacio+Piatti+Montreal+Impact,185000
/gustavo-sauer/profil/spieler/336158,Gustavo+Sauer+Boavista,57400
/ezequiel-videla/profil/spieler/125889,Ezequiel+Videla+Aldosivi,28400
/alan-ruiz/profil/spieler/190442,Alan+Ruiz+Aldosivi,58200
/facundo-medina/profil/spieler/474800,Facundo+Medina+Talleres,665000
/bernard-tekpetey/profil/spieler/422380,Bernard+Tekpetey+Paderborn,125000
/angel-rangel/profil/spieler/66550,Angel+Rangel+Queens+Park+Rangers,155000
/clemente/profil/spieler/59372,Clemente+Santa+Clara,16900000
/maximilian-mittelstadt/profil/spieler/282660,Maximilian+Mittelstädt+Hertha+Berlin,57500
/ze-manuel/profil/spieler/113025,Zé+Manuel+Santa+Clara,16800000
/iago-aspas/profil/spieler/72047,Iago+Aspas+Celta+Vigo,1310000
/antonino-barilla/profil/spieler/39828,Antonino+Barillà+Parma+Calcio+1913,34800
/issam-chebake/profil/spieler/332049,Issam+Chebake+Yeni+Malatyaspor,68700
/dean-gerken/profil/spieler/42055,Dean+Gerken+Ipswich,74300
/joaquin-laso/profil/spieler/360797,Joaquín+Laso+Velez+Sarsfield,57300
/aleksandr-anyukov/profil/spieler/17749,Alexander+Anyukov+Zenit+St.+Petersburg,94000
/havard-nielsen/profil/spieler/136181,Havard+Nielsen+Duisburg,70300
/osman-kakay/profil/spieler/419576,Osman+Kakay+Queens+Park+Rangers,56900
/sebastian-ernst/profil/spieler/108198,Sebastian+Ernst+Greuther+Fuerth,164000
/erick-gutierrez/profil/spieler/298796,Erick+Gutiérrez+PSV+Eindhoven,138000
/idrissa-doumbia/profil/spieler/430579,Idrissa+Doumbia+Sporting+CP,49100
/dani-romera/profil/spieler/271451,Dani+Romera+Rayo+Majadahonda,33100
/leandro-paiva/profil/spieler/269524,Leandro+Paiva+Argentinos+Juniors,721000
/leon-bailey/profil/spieler/387626,Leon+Bailey+Bayer+Leverkusen,415000
/german-herrera/profil/spieler/32710,Germán+Herrera+Rosario+Central,6220000
/thomas-delaney/profil/spieler/91849,Thomas+Delaney+Borussia+Dortmund,410000
/tristan-nydam/profil/spieler/483545,Tristan+Nydam+Ipswich,19400
/pavel-kaloshin/profil/spieler/605627,Pavel+Kaloshin+Anzhi+Makhachkala,7430
/kurt-zouma/profil/spieler/157509,Kurt+Zouma+Everton,441000
/yussuf-poulsen/profil/spieler/157635,Yussuf+Poulsen+RasenBallsport+Leipzig,395000
/lukas-hinterseer/profil/spieler/59054,Lukas+Hinterseer+Bochum,129000
/sone-aluko/profil/spieler/42198,Sone+Aluko+Beijing+Renhe,12800
/alexander-buttner/profil/spieler/38003,Alexander+Büttner+Vitesse,103000
/alexandru-epureanu/profil/spieler/45340,Alexandru+Epureanu+Istanbul+Basaksehir,52500
/nahuel-arena/profil/spieler/552629,Nahuel+Arena+Godoy+Cruz,328000
/xisco-campos/profil/spieler/70946,Xisco+Campos+Mallorca,2640000
/luis-robles/profil/spieler/47289,Luis+Robles+New+York+Red+Bulls,561000
/erik-zenga/profil/spieler/85961,Erik+Zenga+Sandhausen,22500
/martin-cranie/profil/spieler/27659,Martin+Cranie+Sheffield+United,34500
/dries-saddiki/profil/spieler/370042,Driess+Saddiki+Willem+II,571000
/aymeric-laporte/profil/spieler/176553,Aymeric+Laporte+ManCity,1610000
/takashi-inui/profil/spieler/98249,Takashi+Inui+Deportivo+Alaves,92500
/richie-laryea/profil/spieler/417348,Richie+Laryea+Toronto+FC,68100
/zanka/profil/spieler/52059,Zanka+Huddersfield,120000
/craig-noone/profil/spieler/81202,Craig+Noone+Bolton,158000
/dani-ceballos/profil/spieler/319745,Dani+Ceballos+Real+Madrid,2830000
/alexandre-mendy/profil/spieler/290561,Alexandre+Mendy+Guingamp,421000
/douglas-luiz/profil/spieler/447661,Douglas+Luiz+Girona,376000
/borja-baston/profil/spieler/85324,Borja+Bastón+Deportivo+Alaves,118000
/marvin-ducksch/profil/spieler/125103,Marvin+Ducksch+Fortuna+Duesseldorf,79800
/brent-kallman/profil/spieler/226643,Brent+Kallman+Minnesota+United,113000
/marcelo-brozovic/profil/spieler/156617,Marcelo+Brozovic+Inter,483000
/casimir-ninga/profil/spieler/392810,Casimir+Ninga+Caen,198000
/kevin-gameiro/profil/spieler/27389,Kevin+Gameiro+Valencia,578000
/stijn-schaars/profil/spieler/4698,Stijn+Schaars+SC+Heerenveen,69000
/rodrigo-salinas/profil/spieler/125750,Rodrigo+Salinas+Velez+Sarsfield,85900
/alejo-montero/profil/spieler/649998,Alejo+Montero+Velez+Sarsfield,53000
/agustin-fontana/profil/spieler/345229,Agustín+Fontana+Banfield,306000
/paul-baysse/profil/spieler/43256,Paul+Baysse+Caen,78000
/oscar-cabezas/profil/spieler/514299,Oscar+Cabezas+Rosario+Central,6560000
/mo-el-hankouri/profil/spieler/384587,Mo+El+Hankouri+FC+Groningen,44400
/andrew-hjulsager/profil/spieler/167798,Andrew+Hjulsager+Celta+Vigo,69500
/nuno-andre-coelho/profil/spieler/40858,Nuno+Coelho+Chaves,1200000
/jay-chapman/profil/spieler/189032,Jay+Chapman+Toronto+FC,727000
/fousseni-diabate/profil/spieler/364861,Fousseni+Diabaté+Sivasspor,45600
/gustavo-hamer/profil/spieler/322985,Gustavo+Hamer+PEC+Zwolle,35000
/tim-rieder/profil/spieler/111277,Tim+Rieder+Darmstadt,61400
/samir-handanovic/profil/spieler/28021,Samir+Handanovic+Inter,650000
/juan-forlin/profil/spieler/53332,Juan+Forlín+Real+Oviedo,67700
/lyanco/profil/spieler/379807,Lyanco+Bologna,157000
/sebastien-de-maio/profil/spieler/56830,Sebastien+De+Maio+Udinese,211000
/joe-bennett/profil/spieler/90964,Joe+Bennett+Cardiff,2020000
/alisson/profil/spieler/105470,Alisson+Liverpool,34100000
/fernandinho/profil/spieler/26267,Fernandinho+ManCity,2110000
/emanuel-iniguez/profil/spieler/542138,Emanuel+Iñiguez+Aldosivi,21400
/giovanni-zarfino/profil/spieler/208022,Giovani+Zarfino+Extremadura,19700
/jorge-fellipe/profil/spieler/132060,Jorge+Fellipe+Aves,74300
/fedor-chalov/profil/spieler/287183,Fedor+Chalov+CSKA+Moscow,73900
/wallace/profil/spieler/225335,Wallace+Lazio,1880000
/mauricio-rosales/profil/spieler/251619,Pablo+Rosales+Estudiantes,4340000
/tom-edwards/profil/spieler/430788,Thomas+Edwards+Stoke,1760000
/andreas-cornelius/profil/spieler/203412,Andreas+Cornelius+Bordeaux,656000
/zaydou-youssouf/profil/spieler/471582,Zaydou+Youssouf+Bordeaux,41500
/nathaniel-mendez-laing/profil/spieler/125409,Nathaniel+Mendez-Laing+Cardiff,331000
/charlie-lakin/profil/spieler/564048,Charlie+Lakin+Birmingham,198000
/nahuel-estevez/profil/spieler/552472,Nahuel+Estévez+Estudiantes,98000
/ruben-aguilar/profil/spieler/203746,Ruben+Aguilar+Montpellier,298000
/federico-valverde/profil/spieler/369081,Federico+Valverde+Real+Madrid,3970000
/esteban-andrada/profil/spieler/105888,Esteban+Andrada+Boca+Juniors,240000
/dong-won-ji/profil/spieler/164265,Dong-Won+Ji+Augsburg,313000
/stephane-sparagna/profil/spieler/289216,Stephane+Sparagna+Boavista,17500
/serginho/profil/spieler/40555,Serginho+Santa+Clara,260000
/jan-philipp-kalla/profil/spieler/30985,Jan-Philipp+Kalla+St.+Pauli,109000
/yoel-barcenas/profil/spieler/283473,Yoel+Bárcenas+Real+Oviedo,96100
/roger-espinoza/profil/spieler/71096,Roger+Espinoza+Sporting+Kansas+City,172000
/senou-coulibaly/profil/spieler/596240,Senou+Coulibaly+Dijon,24100
/nacho-monreal/profil/spieler/43003,Nacho+Monreal+Arsenal,1240000
/alessandro-bastoni/profil/spieler/315853,Alessandro+Bastoni+Parma+Calcio+1913,50000
/aleksandr-kokorin/profil/spieler/89086,Aleksandr+Kokorin+Zenit+St.+Petersburg,99800
/jeremy-grimm/profil/spieler/56294,Jeremy+Grimm+Strasbourg,254000
/anthony-forde/profil/spieler/146494,Anthony+Forde+Rotherham,58700
/darko-lazovic/profil/spieler/70411,Darko+Lazovic+Genoa,107000
/vasilije-janjicic/profil/spieler/265254,Vasilije+Janjicic+Hamburger+SV,153000
/goncalo-cardoso/profil/spieler/587106,Gonçalo+Cardoso+Boavista,2650000
/daniel-bessa/profil/spieler/140757,Daniel+Bessa+Genoa,116000
/yoell-van-nieff/profil/spieler/187301,Yoëll+van+Nieff+Heracles,18400
/luis-alberto/profil/spieler/128220,Luis+Alberto+Lazio,4280000
/ayaz-guliev/profil/spieler/260672,Ayaz+Guliev+Spartak+Moscow,24800
/aleksandr-martynovich/profil/spieler/59352,Aleksandr+Martynovich+FC+Krasnodar,38600
/neto/profil/spieler/291968,Neto+Moreirense,196000
/dax-mccarty/profil/spieler/39479,Dax+McCarty+Chicago+Fire,133000
/luther-singh/profil/spieler/387378,Luther+Singh+Chaves,360000
/zeki-erkilinc/profil/spieler/387218,Zeki+Erkilinc+Heracles,11900
/emmanuel-adebayor/profil/spieler/8883,Emmanuel+Adebayor+Istanbul+Basaksehir,222000
/amin-younes/profil/spieler/96167,Amin+Younes+Napoli,399000
/pasquale-schiattarella/profil/spieler/56762,Pasquale+Schiattarella+SPAL+2013,40600
/emiliano-insua/profil/spieler/45599,Emiliano+Insúa+VfB+Stuttgart,115000
/daniel-baier/profil/spieler/4018,Daniel+Baier+Augsburg,444000
/fabri/profil/spieler/45882,Fabri+Fulham,158000
/jordy-de-wijs/profil/spieler/215096,Jordy+de+Wijs+Hull,34000
/hal-robson-kanu/profil/spieler/65976,Hal+Robson-Kanu+West+Bromwich+Albion,135000
/thomas-fontaine/profil/spieler/80036,Thomas+Fontaine+Reims,3150000
/joe-allen/profil/spieler/51452,Joe+Allen+Stoke,2800000
/sam-johnson/profil/spieler/252062,Sam+Johnson+Real+Salt+Lake,15100000
/pirmin-schwegler/profil/spieler/14533,Pirmin+Schwegler+Hannover+96,87800
/jony/profil/spieler/228761,Jony+Deportivo+Alaves,521000
/wendel/profil/spieler/499721,Wendel+Sporting+CP,110000
/claudemir/profil/spieler/68275,Claudemir+Braga,750000
/javi-galan/profil/spieler/448628,Javi+Galán+SD+Huesca,87100
/niklas-lomb/profil/spieler/85543,Niklas+Lomb+Sandhausen,53000
/junior-sambia/profil/spieler/335147,Junior+Sambia+Montpellier,54500
/andrew-taylor/profil/spieler/29158,Andrew+Taylor+Bolton,16000000
/fede-san-emeterio/profil/spieler/307519,Fede+San+Emeterio+Granada,214000
/dani-calvo/profil/spieler/326416,Dani+Calvo+Elche,291000
/kevin-wimmer/profil/spieler/122675,Kevin+Wimmer+Hannover+96,151000
/juan-sanchez-mino/profil/spieler/169249,Juan+Sánchez+Miño+Independiente,1520000
/gael-kakuta/profil/spieler/74297,Gaël+Kakuta+Rayo+Vallecano,95300
/facundo-almada/profil/spieler/639390,Facundo+Almada+Rosario+Central,149000
/david-mcgoldrick/profil/spieler/35416,David+McGoldrick+Sheffield+United,166000
/dario-van-den-buijs/profil/spieler/235274,Dario+Van+den+Buijs+Heracles,145000
/mats-kohlert/profil/spieler/288067,Mats+Köhlert+Hamburger+SV,272000
/antonio-barreca/profil/spieler/241889,Antonio+Barreca+Newcastle+United,65900
/andoni-gorosabel/profil/spieler/289255,Andoni+Gorosabel+Real+Sociedad,42700
/jules-keita/profil/spieler/402117,Jules+Keita+Dijon,0
/matthew-pennington/profil/spieler/220755,Matthew+Pennington+Ipswich,187000
/emmanuel-ledesma/profil/spieler/62247,Emmanuel+Ledesma+FC+Cincinnati,79100
/immanuel-hohn/profil/spieler/77920,Immanuel+Höhn+Darmstadt,47800
/federico-peluso/profil/spieler/21763,Federico+Peluso+Sassuolo,155000
/sergio-pellissier/profil/spieler/5928,Sergio+Pellissier+Chievo,232000
/christian-walton/profil/spieler/208379,Christian+Walton+Wigan,737000
/batuhan-artarslan/profil/spieler/237481,Batuhan+Artarslan+Trabzonspor,67400
/ivan-novoseltsev/profil/spieler/231873,Ivan+Novoseltsev+FC+Rostov,20900
/callum-paterson/profil/spieler/169555,Callum+Paterson+Cardiff,199000
/kieran-trippier/profil/spieler/95810,Kieran+Trippier+Tottenham,914000
/ridgeciano-haps/profil/spieler/228444,Ridgeciano+Haps+Feyenoord,63300
/mark-duffy/profil/spieler/105565,Mark+Duffy+Sheffield+United,1040000
/iago-falque/profil/spieler/59340,Iago+Falque+Torino,355000
/dimitri-foulquier/profil/spieler/170472,Dimitri+Foulquier+Getafe,182000
/rafael/profil/spieler/61892,Rafael+Lyon,15100000
/andrea-seculin/profil/spieler/85380,Andrea+Seculin+Chievo,59900
/mark-anthony-kaye/profil/spieler/343553,Mark-Anthony+Kaye+Los+Angeles+FC,658000
/tim-kister/profil/spieler/54767,Tim+Kister+Sandhausen,45200
/ugur-demirok/profil/spieler/44977,Ugur+Demirok+Konyaspor,249000
/matias-pellegrini/profil/spieler/606267,Matías+Pellegrini+Estudiantes,300000
/vedad-ibisevic/profil/spieler/21175,Vedad+Ibisevic+Hertha+Berlin,239000
/jordan-marie/profil/spieler/231025,Jordan+Marié+Dijon,2910000
/eduardo-henrique/profil/spieler/216118,Eduardo+Henrique+Belenenses+SAD,54600
/tim-parker/profil/spieler/354737,Tim+Parker+New+York+Red+Bulls,0
/yuri-zhirkov/profil/spieler/16760,Yuri+Zhirkov+Zenit+St.+Petersburg,161000
/achraf-hakimi/profil/spieler/398073,Achraf+Hakimi+Borussia+Dortmund,554000
/bouna-sarr/profil/spieler/190685,Bouna+Sarr+Marseille,281000
/ruben-vezo/profil/spieler/257851,Rúben+Vezo+Levante,177000
/naim-sliti/profil/spieler/184491,Naim+Sliti+Dijon,117000
/artem-dzyuba/profil/spieler/48067,Artem+Dzyuba+Zenit+St.+Petersburg,115000
/angel-gonzalez/profil/spieler/347920,Ángel+González+Godoy+Cruz,8220000
/mauro-junior/profil/spieler/323910,Mauro+Júnior+PSV+Eindhoven,179000
/bartosz-bialkowski/profil/spieler/24496,Bartosz+Bialkowski+Ipswich,69400
/jose-antonio-reyes/profil/spieler/7717,José+Antonio+Reyes+Extremadura,3500000
/abdelhamid-sabiri/profil/spieler/340394,Abdelhamid+Sabiri+Huddersfield,38100
/dean-henderson/profil/spieler/258919,Dean+Henderson+Sheffield+United,2760000
/maikel-kieftenbeld/profil/spieler/82332,Maikel+Kieftenbeld+Birmingham,47600
/stewart-downing/profil/spieler/4063,Stewart+Downing+Middlesbrough,245000
/ivan-novoseltsev/profil/spieler/231873,Ivan+Novoseltsev+Anzhi+Makhachkala,16800
/rasmus-thelander/profil/spieler/129092,Rasmus+Thelander+Vitesse,33900
/baptiste-reynet/profil/spieler/190786,Baptiste+Reynet+Toulouse,75700
/juan-muniz/profil/spieler/85357,Juan+Muñiz+Lugo,2850000
/joel-lynch/profil/spieler/33070,Joel+Lynch+Queens+Park+Rangers,709000
/jeremy-sorbon/profil/spieler/56820,Jérémy+Sorbon+Guingamp,108000
/leandro-chichizola/profil/spieler/95736,Leandro+Chichizola+Getafe,47900
/luca-zander/profil/spieler/139278,Luca-Milan+Zander+St.+Pauli,85600
/zhi-yang/profil/spieler/63522,Yu+Yang+Beijing+Guoan,173000
/arne-feick/profil/spieler/38609,Arne+Feick+FC+Heidenheim,39100
/nelson-monte/profil/spieler/332615,Nélson+Monte+Rio+Ave,4670000
/aly-cissokho/profil/spieler/57515,Aly+Cissokho+Antalyaspor,59900
/dennis-praet/profil/spieler/129588,Dennis+Praet+Sampdoria,173000
/youssouf-sabaly/profil/spieler/135492,Youssouf+Sabaly+Bordeaux,160000
/taha-yalciner/profil/spieler/51938,Taha+Yalciner+Alanyaspor,46000
/dmitri-poloz/profil/spieler/98539,Dmitriy+Poloz+Rubin+Kazan,71300
/barrie-mckay/profil/spieler/208934,Barrie+McKay+Swansea,0
/mickael-alphonse/profil/spieler/172153,Mickaël+Alphonse+Dijon,107000
/abdoulaye-diallo/profil/spieler/415271,Abdoulaye+Diallo+Aves,45700
/adama-diomande/profil/spieler/93145,Adama+Diomande+Los+Angeles+FC,152000
/dan-crowley/profil/spieler/223225,Daniel+Crowley+Willem+II,569000
/adrian-semper/profil/spieler/317057,Adrian+Semper+Chievo,51100
/leander-dendoncker/profil/spieler/168157,Leander+Dendoncker+Wolverhampton+Wanderers,111000
/florent-muslija/profil/spieler/337036,Florent+Muslija+Hannover+96,98200
/cristian-romero/profil/spieler/355915,Cristian+Romero+Genoa,299000
/sammy-ameobi/profil/spieler/92381,Sammy+Ameobi+Bolton,92000
/joshua-king/profil/spieler/91059,Joshua+King+Bournemouth,1640000
/marcio-mossoro/profil/spieler/45596,Márcio+Mossoró+Istanbul+Basaksehir,61900
/ronaldo-vieira/profil/spieler/434676,Ronaldo+Vieira+Sampdoria,294000
/carlos-fernandez/profil/spieler/216464,Carlos+Fernández+Deportivo+La+Coruna,3300000
/patrick-twumasi/profil/spieler/188651,Patrick+Twumasi+Deportivo+Alaves,107000
/gia-grigalava/profil/spieler/52089,Gia+Grigalava+Arsenal+Tula,29100
/ryan-shawcross/profil/spieler/45861,Ryan+Shawcross+Stoke,296000
/mossa/profil/spieler/96094,Mossa+Real+Oviedo,130000
/paxton-pomykal/profil/spieler/455978,Paxton+Pomykal+FC+Dallas,34000
/granit-xhaka/profil/spieler/111455,Granit+Xhaka+Arsenal,4130000
/goncalo-guedes/profil/spieler/225122,Gonçalo+Guedes+Valencia,727000
/agustin-verdugo/profil/spieler/528270,Agustín+Verdugo+Godoy+Cruz,592000
/thiago-silva/profil/spieler/29241,Thiago+Silva+Paris+Saint-Germain,4230000
/seth-sinovic/profil/spieler/144959,Seth+Sinovic+Sporting+Kansas+City,75300
/henry-wingo/profil/spieler/378478,Henry+Wingo+Seattle+Sounders+FC,45200
/alberto-benito/profil/spieler/263748,Alberto+Benito+Real+Zaragoza,0
/kei-kamara/profil/spieler/39049,Kei+Kamara+Colorado+Rapids,80500
/egor-sorokin/profil/spieler/288721,Egor+Sorokin+Rubin+Kazan,33600
/sam-mcqueen/profil/spieler/226968,Sam+McQueen+Middlesbrough,113000
/stefan-mitrovic/profil/spieler/143029,Stefan+Mitrovic+Strasbourg,165000
/evan-bush/profil/spieler/148916,Evan+Bush+Montreal+Impact,878000
/paulinho/profil/spieler/211072,Paulinho+Braga,3240000
/nicolas-de-la-cruz/profil/spieler/397458,Nicolás+De+La+Cruz+River+Plate,6330000
/jordan-hamilton/profil/spieler/294707,Jordan+Hamilton+Toronto+FC,3270000
/tyrell-malacia/profil/spieler/339340,Tyrell+Malacia+Feyenoord,67000
/denis-terentjev/profil/spieler/144583,Denis+Terentjev+Zenit+St.+Petersburg,87400
/kevin-bonifazi/profil/spieler/247377,Kevin+Bonifazi+SPAL+2013,44000
/frederik-ronnow/profil/spieler/107775,Frederik+Rönnow+Eintracht+Frankfurt,73400
/russell-teibert/profil/spieler/103627,Russell+Teibert+Vancouver+Whitecaps,76000
/fernando-barrientos/profil/spieler/154292,Fernando+Barrientos+Defensa+y+Justicia,515000
/santiago-patino/profil/spieler/644780,Santiago+Patiño+Orlando+City,436000
/franco-di-santo/profil/spieler/59783,Franco+Di+Santo+Rayo+Vallecano,142000
/lucas-torro/profil/spieler/213670,Lucas+Torró+Eintracht+Frankfurt,78500
/steven-bergwijn/profil/spieler/284165,Steven+Bergwijn+PSV+Eindhoven,191000
/jires-kembo-ekoko/profil/spieler/40446,Jires+Kembo-Ekoko+Bursaspor,47600
/vanja-vucicevic/profil/spieler/423612,Vanja+Vucicevic+Krylya+Sovetov+Samara,37700
/lucas-chaves/profil/spieler/360791,Lucas+Chaves+Argentinos+Juniors,722000
/alan-schons/profil/spieler/378866,Alan+Schons+Moreirense,34100
/ricardo-esgaio/profil/spieler/139395,Ricardo+Esgaio+Braga,102000
/martin-dubravka/profil/spieler/74960,Martin+Dubravka+Newcastle+United,224000
/vincent-kompany/profil/spieler/9594,Vincent+Kompany+ManCity,15600000
/abdullahi-shehu/profil/spieler/262687,Abdullahi+Shehu+Bursaspor,75800
/konstantinos-mavropanos/profil/spieler/415912,Konstantinos+Mavropanos+Arsenal,190000
/chico-geraldes/profil/spieler/257456,Francisco+Geraldes+Sporting+CP,68800
/todd-kane/profil/spieler/154287,Todd+Kane+Hull,2030000
/fedor-kudryashov/profil/spieler/48634,Fedor+Kudryashov+Istanbul+Basaksehir,21500
/mert-hakan-yandas/profil/spieler/306462,Mert+Yandas+Sivasspor,59500
/jose-izquierdo/profil/spieler/147094,José+Izquierdo+Brighton,414000
/memphis-depay/profil/spieler/167850,Memphis+Depay+Lyon,978000
/ander-iturraspe/profil/spieler/71571,Ander+Iturraspe+Athletic+Bilbao,151000
/dennis-hadzikadunic/profil/spieler/322065,Dennis+Hadzikadunic+FC+Rostov,14700
/christian-atsu/profil/spieler/186997,Christian+Atsu+Newcastle+United,739000
/kevin-mirallas/profil/spieler/33639,Kevin+Mirallas+Fiorentina,170000
/angelo-fulgini/profil/spieler/250013,Angelo+Fulgini+Angers,82100
/adam-marusic/profil/spieler/239802,Adam+Marusic+Lazio,163000
/rodrigo-becao/profil/spieler/410158,Rodrigo+Becão+CSKA+Moscow,21200
/patrik-sigurdur-gunnarsson/profil/spieler/429563,Patrik+Gunnarsson+Brentford,13500
/mattias-bjarsmyr/profil/spieler/30386,Mattias+Bjärsmyr+Sivasspor,36600
/stefan-radu/profil/spieler/44420,Stefan+Radu+Lazio,385000
/evgeni-kharin/profil/spieler/193464,Evgeny+Kharin+FK+Akhmat,38400
/edwar-lopez/profil/spieler/572077,Edwar+López+Estudiantes,122000
/edu-campabadal/profil/spieler/126722,Eduard+Campabadal+Lugo,19900
/konstantin-pliev/profil/spieler/394400,Konstantin+Pliev+FC+Rostov,13100
/richard-smallwood/profil/spieler/158713,Richard+Smallwood+Blackburn,320000
/jordy-clasie/profil/spieler/104223,Jordy+Clasie+Feyenoord,187000
/adama-traore/profil/spieler/204103,Adama+Traoré+Wolverhampton+Wanderers,155000
/serge-aurier/profil/spieler/127032,Serge+Aurier+Tottenham,539000
/hector-bellerin/profil/spieler/191217,Héctor+Bellerín+Arsenal,314000
/andres-lioi/profil/spieler/563336,Andrés+Lioi+Rosario+Central,42000
/jan-arie-van-der-heijden/profil/spieler/45538,Jan-Arie+van+der+Heijden+Feyenoord,116000
/mahmut-tekdemir/profil/spieler/54177,Mahmut+Tekdemir+Istanbul+Basaksehir,87400
/almamy-toure/profil/spieler/216181,Almamy+Touré+Eintracht+Frankfurt,0
/jack-lankester/profil/spieler/602544,Jack+Lankester+Ipswich,30100
/bressan/profil/spieler/256453,Bressan+FC+Dallas,64800
/brandt-bronico/profil/spieler/271183,Brandt+Bronico+Chicago+Fire,30800
/andres-renteria/profil/spieler/233007,Andrés+Rentería+San+Lorenzo,1490000
/erik-durm/profil/spieler/93922,Erik+Durm+Huddersfield,89900
/maciej-rybus/profil/spieler/59597,Maciej+Rybus+Lokomotiv+Moscow,75200
/kevin-stewart/profil/spieler/200782,Kevin+Stewart+Hull,8910000
/olamide-shodipo/profil/spieler/401268,Olamide+Shodipo+Queens+Park+Rangers,49000
/daniel-steininger/profil/spieler/195720,Daniel+Steininger+Greuther+Fuerth,62400
/georgi-schennikov/profil/spieler/70097,Georgy+Schennikov+CSKA+Moscow,59600
/ben-wiles/profil/spieler/542471,Ben+Wiles+Rotherham,126000
/bruno-fernandes/profil/spieler/240306,Bruno+Fernandes+Sporting+CP,1580000
/kelyn-rowe/profil/spieler/183118,Kelyn+Rowe+Sporting+Kansas+City,74600
/luca-siligardi/profil/spieler/86079,Luca+Siligardi+Parma+Calcio+1913,27700
/alexander-rossipal/profil/spieler/296188,Alexander+Rossipal+Sandhausen,13200
/jubal/profil/spieler/149928,Jubal+Boavista,40100
/vukasin-jovanovic/profil/spieler/264140,Vukasin+Jovanovic+Bordeaux,91900
/david-atanga/profil/spieler/254284,David+Atanga+Greuther+Fuerth,42300
/davinson-sanchez/profil/spieler/341429,Davinson+Sánchez+Tottenham,569000
/daan-klomp/profil/spieler/400671,Daan+Klomp+NAC+Breda,31600
/rodrigo-arciero/profil/spieler/322649,Rodrigo+Arciero+Banfield,16800
/mauricio-pereyra/profil/spieler/102452,Mauricio+Pereyra+FC+Krasnodar,62500
/johannes-flum/profil/spieler/38415,Johannes+Flum+St.+Pauli,167000
/josh-tymon/profil/spieler/419929,Josh+Tymon+Stoke,40900
/ali-adnan/profil/spieler/261611,Ali+Adnan+Vancouver+Whitecaps,65100
/kwadwo-asamoah/profil/spieler/63531,Kwadwo+Asamoah+Inter,1010000
/lukas-frode/profil/spieler/153628,Lukas+Fröde+Duisburg,39700
/matthias-verreth/profil/spieler/292817,Matthias+Verreth+PSV+Eindhoven,39500
/tom-barlow/profil/spieler/509916,Tom+Barlow+New+York+Red+Bulls,1380000
/mauricio-toni/profil/spieler/540299,Mauricio+Toni+Talleres,496000
/waldemar-sobota/profil/spieler/110852,Waldemar+Sobota+St.+Pauli,81200
/ilya-abaev/profil/spieler/15569,Ilya+Abaev+FC+Rostov,30500
/adam-armstrong/profil/spieler/250426,Adam+Armstrong+Blackburn,3150000
/michael-frey/profil/spieler/147043,Michael+Frey+Fenerbahce,438000
/enzo-loiodice/profil/spieler/581781,Enzo+Loiodice+Dijon,27200
/gael-clichy/profil/spieler/7449,Gaël+Clichy+Istanbul+Basaksehir,119000
/jackson-irvine/profil/spieler/192557,Jackson+Irvine+Hull,2480000
/joao-lopes/profil/spieler/547553,João+Lopes+Santa+Clara,13600000
/bram-nuytinck/profil/spieler/104597,Bram+Nuytinck+Udinese,68900
/tin-jedvaj/profil/spieler/206386,Tin+Jedvaj+Bayer+Leverkusen,167000
/claudio-spinelli/profil/spieler/504882,Claudio+Spinelli+Argentinos+Juniors,250000
/carraca/profil/spieler/291941,Carraça+Boavista,52800
/kikas/profil/spieler/383807,Kikas+Belenenses+SAD,20300
/atakan-akkaynak/profil/spieler/327542,Atakan+Akkaynak+Willem+II,40400
/luca-zidane/profil/spieler/283489,Luca+Zidane+Real+Madrid,3080000
/dario-melnjak/profil/spieler/238500,Dario+Melnjak+Rizespor,57900
/james-mcclean/profil/spieler/85935,James+McClean+Stoke,241000
/joaquin-correa/profil/spieler/227081,Joaquín+Correa+Lazio,453000
/ruben-rochina/profil/spieler/67548,Rubén+Rochina+Levante,144000
/benjamin-pavard/profil/spieler/353366,Benjamin+Pavard+VfB+Stuttgart,237000
/thomas-bruns/profil/spieler/172202,Thomas+Bruns+FC+Groningen,111000
/chadrac-akolo/profil/spieler/247459,Chadrac+Akolo+VfB+Stuttgart,111000
/chris-mepham/profil/spieler/480987,Chris+Mepham+Bournemouth,72500
/papy-djilobodji/profil/spieler/136610,Papy+Djilobodji+Guingamp,82400
/michael-de-leeuw/profil/spieler/110906,Michael+de+Leeuw+FC+Emmen,340000
/gonzalo-asis/profil/spieler/549958,Gonzalo+Asis+Independiente,382000
/borja-valle/profil/spieler/176067,Borja+Valle+Deportivo+La+Coruna,406000
/felix-platte/profil/spieler/195782,Felix+Platte+Darmstadt,329000
/pol-llonch/profil/spieler/205276,Pol+Llonch+Willem+II,82500
/callum-elder/profil/spieler/271997,Callum+Elder+Ipswich,73200
/abel-hernandez/profil/spieler/76608,Abel+Hernández+CSKA+Moscow,101000
/joao-novais/profil/spieler/228940,João+Novais+Braga,6920000
/charles/profil/spieler/16335,Charles+Antalyaspor,387000
/jozabed-sanchez/profil/spieler/207924,Jozabed+Sánchez+Celta+Vigo,53500
/marcelo/profil/spieler/190185,Marcelo+Chicago+Fire,4620000
/lionel-carole/profil/spieler/11530,Lionel+Carole+Strasbourg,381000
/fabio-pacheco/profil/spieler/111200,Fábio+Pacheco+Moreirense,63200
/sebastian-rode/profil/spieler/44466,Sebastian+Rode+Eintracht+Frankfurt,401000
/fredy-montero/profil/spieler/73852,Fredy+Montero+Vancouver+Whitecaps,113000
/francesco-magnanelli/profil/spieler/7093,Francesco+Magnanelli+Sassuolo,163000
/pablo-fornals/profil/spieler/357885,Pablo+Fornals+Villarreal,274000
/miiko-albornoz/profil/spieler/75852,Miiko+Albornoz+Hannover+96,222000
/tim-van-de-berg/profil/spieler/447827,Tim+van+de+Berg+Heracles,0
/maximilian-bauer/profil/spieler/388363,Maximilian+Bauer+Greuther+Fuerth,87900
/ryan-williams/profil/spieler/192239,Ryan+Williams+Rotherham,1080000
/caner-cavlan/profil/spieler/136550,Caner+Cavlan+FC+Emmen,35000
/gonzalo-maroni/profil/spieler/441385,Gonzalo+Maroni+Talleres,71700
/zeki-yavru/profil/spieler/98131,Zeki+Yavru+Akhisarspor,169000
/johannes-van-den-bergh/profil/spieler/31218,Johannes+van+den+Bergh+Holstein+Kiel,54100
/nicolas-linares/profil/spieler/534616,Nicolás+Linares+Banfield,214000
/roberto-piccoli/profil/spieler/432092,Roberto+Piccoli+Atalanta,276000
/jimmy-briand/profil/spieler/18909,Jimmy+Briand+Bordeaux,318000
/sory-kaba/profil/spieler/355689,Sory+Kaba+Dijon,34400
/justen-glad/profil/spieler/334597,Justen+Glad+Real+Salt+Lake,71200
/semi-ajayi/profil/spieler/251912,Semi+Ajayi+Rotherham,78800
/kike-marquez/profil/spieler/101733,Kike+Márquez+Extremadura,113000
/james-chester/profil/spieler/73482,James+Chester+Aston+Villa,1550000
/ben-alnwick/profil/spieler/27036,Ben+Alnwick+Bolton,679000
/hassane-kamara/profil/spieler/290017,Hassane+Kamara+Reims,43400
/joe-mattock/profil/spieler/49611,Joe+Mattock+Rotherham,39400
/emil-krafth/profil/spieler/184528,Emil+Krafth+Amiens,275000
/cyrus-christie/profil/spieler/158623,Cyrus+Christie+Fulham,247000
/carlos-pita/profil/spieler/34566,Carlos+Pita+Lugo,828000
/nicolas-schiappacasse/profil/spieler/345473,Nicolás+Schiappacasse+Parma+Calcio+1913,14900
/tolgay-arslan/profil/spieler/53536,Tolgay+Arslan+Fenerbahce,1010000
/tobias-reithmeir/profil/spieler/420298,Tobias+Reithmeir+FC+Heidenheim,16600
/sean-klaiber/profil/spieler/268113,Sean+Klaiber+FC+Utrecht,63700
/jannik-pohl/profil/spieler/288432,Jannik+Pohl+FC+Groningen,24000
/gaston-campi/profil/spieler/292174,Gastón+Campi+Chaves,488000
/jasmin-kurtic/profil/spieler/85825,Jasmin+Kurtic+SPAL+2013,54700
/matheus-reis/profil/spieler/379249,Matheus+Reis+Rio+Ave,357000
/federico-mattiello/profil/spieler/200194,Federico+Mattiello+Bologna,137000
/miles-robinson/profil/spieler/468022,Miles+Robinson+Atlanta+United,8970000
/jose-luis-palomino/profil/spieler/125020,José+Luis+Palomino+Atalanta,105000
/nathaniel-clyne/profil/spieler/85177,Nathaniel+Clyne+Bournemouth,213000
/francesco-acerbi/profil/spieler/131075,Francesco+Acerbi+Lazio,512000
/tim-chow/profil/spieler/196693,Tim+Chow+Henan+Jianye,13700
/cole-skuse/profil/spieler/48094,Cole+Skuse+Ipswich,72300
/daniel-lasure/profil/spieler/336736,Daniel+Lasure+Real+Zaragoza,43800
/sergi-palencia/profil/spieler/268176,Sergi+Palencia+Bordeaux,71100
/kevin-vazquez/profil/spieler/221315,Kevin+Vázquez+Celta+Vigo,270000
/raphael-framberger/profil/spieler/146163,Raphael+Framberger+Augsburg,49400
/anton-belov/profil/spieler/425746,Anton+Belov+Anzhi+Makhachkala,25200
/nelson-semedo/profil/spieler/231572,Nélson+Semedo+Barcelona,279000
/andre-zambo-anguissa/profil/spieler/354361,André-Frank+Zambo+Anguissa+Fulham,80800
/marc-aurele-caillard/profil/spieler/205465,Marc-Aurèle+Caillard+Guingamp,40500
/arturo-vidal/profil/spieler/37666,Arturo+Vidal+Barcelona,14600000
/luciano-abecasis/profil/spieler/149435,Luciano+Abecasis+Godoy+Cruz,58300
/alexis-maldonado/profil/spieler/444100,Alexis+Maldonado+Banfield,105000
/filip-kusic/profil/spieler/217285,Filip+Kusic+Erzgebirge+Aue,44200
/laurent-depoitre/profil/spieler/90583,Laurent+Depoitre+Huddersfield,159000
/michel-vorm/profil/spieler/26276,Michel+Vorm+Tottenham,285000
/theodor-gebre-selassie/profil/spieler/60632,Theodor+Gebre+Selassie+Werder+Bremen,155000
/vladimir-poluyakhtov/profil/spieler/58429,Vladimir+Poluyakhtov+Krylya+Sovetov+Samara,10200
/oussama-tannane/profil/spieler/235540,Oussama+Tannane+FC+Utrecht,42800
/dusan-vlahovic/profil/spieler/357498,Dusan+Vlahovic+Fiorentina,121000
/diego-lainez/profil/spieler/371174,Diego+Lainez+Real+Betis,926000
/thomas-amilivia/profil/spieler/639767,Thomas+Amilivia+Argentinos+Juniors,48300
/stefan-posch/profil/spieler/223974,Stefan+Posch+Hoffenheim,76300
/agustin-allione/profil/spieler/189411,Agustín+Allione+Rosario+Central,40400
/romain-metanire/profil/spieler/154209,Romain+Métanire+Minnesota+United,18800
/nahitan-nandez/profil/spieler/315063,Nahitan+Nández+Boca+Juniors,303000
/jake-livermore/profil/spieler/61832,Jake+Livermore+West+Bromwich+Albion,277000
/paolo-goltz/profil/spieler/55183,Paolo+Goltz+Boca+Juniors,102000
/aleksandar-katai/profil/spieler/139915,Aleksandar+Katai+Chicago+Fire,68800
/oumar-niasse/profil/spieler/209781,Oumar+Niasse+Cardiff,153000
/aymen-barkok/profil/spieler/315332,Aymen+Barkok+Fortuna+Duesseldorf,80500
/filip-djuricic/profil/spieler/94307,Filip+Djuricic+Sassuolo,61100
/klaus-gjasula/profil/spieler/57598,Klaus+Gjasula+Paderborn,28200
/benjamin-mendy/profil/spieler/157495,Benjamin+Mendy+ManCity,2950000
/luciano-slagveer/profil/spieler/187298,Luciano+Slagveer+FC+Emmen,30000
/marc-muniesa/profil/spieler/74228,Marc+Muniesa+Girona,133000
/lechii-sadulaev/profil/spieler/623553,Lechii+Sadulaev+FK+Akhmat,21800
/kenedy/profil/spieler/281404,Kenedy+Newcastle+United,645000
/melvyn-lorenzen/profil/spieler/143121,Melvyn+Lorenzen+ADO+Den+Haag,39500
/manu-garcia/profil/spieler/76273,Manu+García+Deportivo+Alaves,672000
/leon-musaev/profil/spieler/375668,Leon+Musaev+Zenit+St.+Petersburg,39600
/denis-glushakov/profil/spieler/55336,Denis+Glushakov+Spartak+Moscow,98800
/tiago-mesquita/profil/spieler/130622,Tiago+Mesquita+Feirense,37400
/murat-yildirim/profil/spieler/35530,Murat+Yildirim+Yeni+Malatyaspor,700000
/jose-valencia/profil/spieler/119183,José+Adolfo+Valencia+Feirense,14000
/filippo-costa/profil/spieler/197743,Filippo+Costa+SPAL+2013,92200
/marcel-schmelzer/profil/spieler/35208,Marcel+Schmelzer+Borussia+Dortmund,440000
/jean-kevin-augustin/profil/spieler/264956,Jean-Kévin+Augustin+RasenBallsport+Leipzig,632000
/cheikh-mbengue/profil/spieler/56795,Cheikh+M'Bengue+Shenzhen+FC,10300
/jonathan-sandoval/profil/spieler/74268,Jonathan+Sandoval+Argentinos+Juniors,1590000
/luciano-vietto/profil/spieler/214316,Luciano+Vietto+Fulham,114000
/ivan-radovanovic/profil/spieler/46105,Ivan+Radovanovic+Genoa,79900
/nicklas-pedersen/profil/spieler/44588,Nicklas+Pedersen+FC+Emmen,72100
/alfie-mawson/profil/spieler/287431,Alfie+Mawson+Fulham,112000
/enzo-kalinski/profil/spieler/67818,Enzo+Kalinski+Estudiantes,52900
/reece-burke/profil/spieler/264220,Reece+Burke+Hull,780000
/yuri-nesterenko/profil/spieler/147072,Yuri+Nesterenko+FC+Yenisey+Krasnoyarsk,9110
/daniel-bentley/profil/spieler/136401,Daniel+Bentley+Brentford,639000
/manuel-fernandes/profil/spieler/16791,Manuel+Fernandes+Lokomotiv+Moscow,101000
/federico-marchetti/profil/spieler/22318,Federico+Marchetti+Genoa,203000
/willian-jose/profil/spieler/122155,Willian+José+Real+Sociedad,1760000
/elias-gomez/profil/spieler/302139,Elías+Gómez+Argentinos+Juniors,5200000
/manu-barreiro/profil/spieler/72484,Manu+Barreiro+Lugo,273000
/oliver-norwood/profil/spieler/73547,Oliver+Norwood+Sheffield+United,795000
/eric-alexander/profil/spieler/146031,Eric+Alexander+FC+Cincinnati,1600000
/mevlut-erdinc/profil/spieler/38360,Mevlüt+Erdinc+Antalyaspor,104000
/takashi-usami/profil/spieler/111881,Takashi+Usami+Fortuna+Duesseldorf,110000
/lucas-woudenberg/profil/spieler/221766,Lucas+Woudenberg+SC+Heerenveen,51700
/jonas-knudsen/profil/spieler/144904,Jonas+Knudsen+Ipswich,106000
/caleb-stanko/profil/spieler/190269,Caleb+Stanko+FC+Cincinnati,41500
/ponck/profil/spieler/341516,Carlos+Ponck+Aves,24800
/dairon-asprilla/profil/spieler/260381,Dairon+Asprilla+Portland+Timbers,70700
/lucas-moura/profil/spieler/77100,Lucas+Moura+Tottenham,22500000
/andrew-surman/profil/spieler/29975,Andrew+Surman+Bournemouth,109000
/robin-koch/profil/spieler/328784,Robin+Koch+Freiburg,779000
/viktor-vasin/profil/spieler/60134,Viktor+Vasin+CSKA+Moscow,49400
/lucas-melano/profil/spieler/220753,Lucas+Melano+Portland+Timbers,38000
/grzegorz-krychowiak/profil/spieler/45184,Grzegorz+Krychowiak+Lokomotiv+Moscow,61800
/iago-herrerin/profil/spieler/71570,Iago+Herrerín+Athletic+Bilbao,213000
/mikhail-lysov/profil/spieler/289590,Mikhail+Lysov+Lokomotiv+Moscow,20400
/ben-thompson/profil/spieler/337062,Ben+Thompson+Millwall,215000
/joe-bryan/profil/spieler/194460,Joe+Bryan+Fulham,640000
/brian-rowe/profil/spieler/213545,Brian+Rowe+Orlando+City,3090000
/matt-crooks/profil/spieler/169416,Matt+Crooks+Rotherham,218000
/omer-sismanoglu/profil/spieler/50774,Ömer+Sismanoglu+Yeni+Malatyaspor,79500
/kirill-panchenko/profil/spieler/106675,Kirill+Panchenko+Dinamo+Moscow,29500
/delano-van-crooij/profil/spieler/159143,Delano+van+Crooij+VVV-Venlo,32300
/hilal-ben-moussa/profil/spieler/223405,Hilal+Ben+Moussa+FC+Emmen,36400
/tyler-adams/profil/spieler/332705,Tyler+Adams+RasenBallsport+Leipzig,491000
/henk-veerman/profil/spieler/271743,Henk+Veerman+St.+Pauli,37200
/hakan-ozmert/profil/spieler/17465,Hakan+Özmert+Antalyaspor,86500
/eric-remedi/profil/spieler/362364,Eric+Remedi+Atlanta+United,56100
/anibal-godoy/profil/spieler/161671,Aníbal+Godoy+San+Jose+Earthquakes,153000
/alper-potuk/profil/spieler/99186,Alper+Potuk+Fenerbahce,677000
/christian-martinez/profil/spieler/419247,Cristian+Martínez+Chicago+Fire,821000
/mikhail-levashov/profil/spieler/148028,Mihail+Levashov+Arsenal+Tula,16800
/washington-camacho/profil/spieler/76490,Washington+Camacho+Rosario+Central,2360000
/yvon-mvogo/profil/spieler/147051,Yvon+Mvogo+RasenBallsport+Leipzig,96800
/rafael-crivellaro/profil/spieler/145692,Rafael+Crivellaro+Feirense,28100
/christopher-handke/profil/spieler/57704,Christopher+Handke+Magdeburg,64500
/jamilu-collins/profil/spieler/254934,Jamilu+Collins+Paderborn,38400
/florian-baak/profil/spieler/296345,Florian+Baak+Hertha+Berlin,93400
/alex-tayo-akande/profil/spieler/209778,Alex+Akande+Dalian+Yifang,18800
/aytac-kara/profil/spieler/159908,Aytac+Kara+Bursaspor,228000
/ozer-hurmaci/profil/spieler/45004,Özer+Hurmaci+Sivasspor,90600
/malcom/profil/spieler/323704,Malcom+Barcelona,5470000
/brad-smith/profil/spieler/175745,Brad+Smith+Seattle+Sounders+FC,462000
/saad-abdul-salaam/profil/spieler/270532,Saad+Abdul-Salaam+Seattle+Sounders+FC,75500
/ibrahima-cisse/profil/spieler/160380,Ibrahima+Cissé+Fulham,69500
/gavin-massey/profil/spieler/148258,Gavin+Massey+Wigan,144000
/konrad-laimer/profil/spieler/223967,Konrad+Laimer+RasenBallsport+Leipzig,143000
/aleksey-gritsaenko/profil/spieler/379634,Aleksey+Gritsaenko+FC+Yenisey+Krasnoyarsk,12100
/artem-golubev/profil/spieler/375663,Artem+Golubev+FC+Krasnodar,20300
/jack-price/profil/spieler/129062,Jack+Price+Colorado+Rapids,4590000
/michael-ihiekwe/profil/spieler/145923,Michael+Ihiekwe+Rotherham,21600
/adrian-dalmau/profil/spieler/288228,Adrián+Dalmau+Heracles,115000
/matias-vecino/profil/spieler/143812,Matías+Vecino+Inter,5390000
/enis-bardhi/profil/spieler/245014,Enis+Bardhi+Levante,152000
/chechu-dorado/profil/spieler/70898,Chechu+Dorado+Real+Zaragoza,61200
/mikel-merino/profil/spieler/338424,Mikel+Merino+Real+Sociedad,417000
/johannes-wurtz/profil/spieler/93926,Johannes+Wurtz+Darmstadt,88900
/sebastian-villa/profil/spieler/493000,Sebastián+Villa+Boca+Juniors,4020000
/michael-ratajczak/profil/spieler/1257,Michael+Ratajczak+Paderborn,39500
/mbilla-etame/profil/spieler/78798,Mbilla+Etame+Alanyaspor,25200
/josh-vela/profil/spieler/173804,Josh+Vela+Bolton,314000
/vladislav-ignatjev/profil/spieler/51897,Vladislav+Ignatjev+Lokomotiv+Moscow,40700
/makhete-diop/profil/spieler/124757,Makhete+Diop+Beijing+Renhe,14400
/leandro-sapetti/profil/spieler/149486,Leandro+Sapetti+Aldosivi,13800
/ferhat-oztorun/profil/spieler/37839,Ferhat+Öztorun+Konyaspor,68700
/santi-mina/profil/spieler/255653,Santi+Mina+Valencia,3100000
/calvin-verdonk/profil/spieler/258364,Calvin+Verdonk+Feyenoord,54300
/hassani-dotson/profil/spieler/636081,Hassani+Dotson+Minnesota+United,22400
/mike-te-wierik/profil/spieler/155806,Mike+te+Wierik+FC+Groningen,59900
/victor-cabrera/profil/spieler/353463,Víctor+Cabrera+Montreal+Impact,432000
/matteo-scozzarella/profil/spieler/85208,Matteo+Scozzarella+Parma+Calcio+1913,23900
/ryan-bennett/profil/spieler/67252,Ryan+Bennett+Wolverhampton+Wanderers,218000
/mads-bech-sorensen/profil/spieler/372240,Mads+Bech+Sörensen+Brentford,15900
/oliver-baumann/profil/spieler/55089,Oliver+Baumann+Hoffenheim,352000
/ogenyi-onazi/profil/spieler/131709,Ogenyi+Onazi+Trabzonspor,169000
/baptiste-santamaria/profil/spieler/285323,Baptiste+Santamaría+Angers,197000
/fede-vico/profil/spieler/162079,Fede+Vico+Granada,157000
/joao-camacho/profil/spieler/268732,João+Camacho+Nacional,3310000
/arkadiusz-milik/profil/spieler/191891,Arkadiusz+Milik+Napoli,1010000
/joao-palhinha/profil/spieler/257455,João+Palhinha+Braga,139000
/karl-toko-ekambi/profil/spieler/315110,Karl+Toko+Ekambi+Villarreal,458000
/bilal-kisa/profil/spieler/7444,Bilal+Kisa+Akhisarspor,268000
/rudy-gestede/profil/spieler/39908,Rudy+Gestede+Middlesbrough,110000
/lucas-olaza/profil/spieler/216240,Lucas+Olaza+Celta+Vigo,97600
/vitor-bruno/profil/spieler/130635,Vítor+Bruno+Feirense,341000
/otavio/profil/spieler/312314,Otávio+Bordeaux,272000
/cristian-borja/profil/spieler/356099,Cristian+Borja+Sporting+CP,88700
/ollie-watkins/profil/spieler/324358,Ollie+Watkins+Brentford,103000
/leandro-paredes/profil/spieler/166237,Leandro+Paredes+Zenit+St.+Petersburg,145000
/duvan-vergara/profil/spieler/413658,Duván+Vergara+Rosario+Central,43300
/dmitri-kombarov/profil/spieler/38782,Dmitri+Kombarov+Spartak+Moscow,0
/fernando-monetti/profil/spieler/69815,Fernando+Monetti+San+Lorenzo,197000
/carlos-pomares/profil/spieler/238872,Carlos+Pomares+Extremadura,116000
/bastos/profil/spieler/195810,Bastos+Lazio,663000
/daniel-carvajal/profil/spieler/138927,Daniel+Carvajal+Real+Madrid,5830000
/abduhamit-abdugheni/profil/spieler/449191,Abduhamit+Abdugheni+Jiangsu+Suning+FC,34600
/ceyhun-gulselam/profil/spieler/37216,Ceyhun+Gülselam+Alanyaspor,47300
/lorenzo-de-silvestri/profil/spieler/33571,Lorenzo+De+Silvestri+Torino,1600000
/kevin-muller/profil/spieler/43824,Kevin+Müller+FC+Heidenheim,241000
/facundo-roncaglia/profil/spieler/61546,Facundo+Roncaglia+Valencia,205000
/dominic-calvert-lewin/profil/spieler/306024,Dominic+Calvert-Lewin+Everton,337000
/remi-matthews/profil/spieler/196722,Remi+Matthews+Bolton,386000
/nayef-aguerd/profil/spieler/361914,Nayef+Aguerd+Dijon,61600
/billy-jones/profil/spieler/36866,Billy+Jones+Rotherham,498000
/wilfried-kanga/profil/spieler/395523,Wilfried+Kanga+Angers,47400
/filipe-melo/profil/spieler/134580,Filipe+Melo+Chaves,3930000
/mike-maignan/profil/spieler/182906,Mike+Maignan+Lille,273000
/nicky-beloko/profil/spieler/382774,Nicky+Medja+Beloko+Fiorentina,7680
/riccardo-meggiorini/profil/spieler/28936,Riccardo+Meggiorini+Chievo,113000
/karim-benzema/profil/spieler/18922,Karim+Benzema+Real+Madrid,14600000
/emmanuel-mas/profil/spieler/77153,Emmanuel+Más+Boca+Juniors,2980000
/damian-szymanski/profil/spieler/259881,Damian+Szymanski+FK+Akhmat,28500
/diego-mercado/profil/spieler/556049,Diego+Mercado+Independiente,15600000
/bernardo/profil/spieler/364258,Bernardo+Brighton,6820000
/emanuel-taffertshofer/profil/spieler/196785,Emanuel+Taffertshofer+Sandhausen,19800
/mathias-jensen/profil/spieler/319859,Mathias+Jensen+Celta+Vigo,192000
/edin-visca/profil/spieler/109217,Edin+Visca+Istanbul+Basaksehir,263000
/ramon-azeez/profil/spieler/131667,Ramón+Azeez+Granada,59400
/cris/profil/spieler/24946,Cris+Feirense,81100
/luke-steele/profil/spieler/3539,Luke+Steele+Nottingham+Forest,460000
/niklas-moisander/profil/spieler/5017,Niklas+Moisander+Werder+Bremen,213000
/abdoulay-diaby/profil/spieler/148396,Abdoulaye+Diaby+Sporting+CP,76500
/dmitri-stotskiy/profil/spieler/124700,Dmitriy+Stotskiy+FC+Krasnodar,28500
/mats-hummels/profil/spieler/39728,Mats+Hummels+Bayern+Munich,987000
/wesley-hoolahan/profil/spieler/24589,Wes+Hoolahan+West+Bromwich+Albion,61500
/michael-breij/profil/spieler/258511,Michael+Breij+FC+Groningen,63600
/matias-romero/profil/spieler/605721,Matías+Romero+Argentinos+Juniors,944000
/mike-havekotte/profil/spieler/206743,Mike+Havekotte+ADO+Den+Haag,29600
/abdon-prats/profil/spieler/177452,Toni+Prats+Mallorca,214000
/nejc-skubic/profil/spieler/91434,Nejc+Skubic+Konyaspor,94100
/jordan-harvey/profil/spieler/39354,Jordan+Harvey+Los+Angeles+FC,3600000
/thomas-monconduit/profil/spieler/127182,Thomas+Monconduit+Amiens,61900
/nordi-mukiele/profil/spieler/348026,Nordi+Mukiele+RasenBallsport+Leipzig,83800
/jeremiah-gutjahr/profil/spieler/402838,Jeremiah+Gutjahr+Chicago+Fire,14200
/pol-lirola/profil/spieler/298975,Pol+Lirola+Sassuolo,162000
/bekim-balaj/profil/spieler/99137,Bekim+Balaj+FK+Akhmat,19100
/diego-demme/profil/spieler/82070,Diego+Demme+RasenBallsport+Leipzig,151000
/edgar-prib/profil/spieler/60028,Edgar+Prib+Hannover+96,88200
/toni-kroos/profil/spieler/31909,Toni+Kroos+Real+Madrid,5700000
/wilfrid-kaptoum/profil/spieler/256120,Wilfrid+Kaptoum+Real+Betis,78800
/alhassane-keita/profil/spieler/197734,Alhassane+Keita+Belenenses+SAD,25700
/sokratis/profil/spieler/34322,Sokratis+Arsenal,1910000
/radosav-petrovic/profil/spieler/75296,Radosav+Petrovic+Sporting+CP,48900
/kevin-mac-allister/profil/spieler/428920,Kevin+Mac+Allister+Boca+Juniors,131000
/tim-skarke/profil/spieler/287920,Tim+Skarke+FC+Heidenheim,30200
/fernando-godoy/profil/spieler/130452,Fernando+Godoy+Aldosivi,371000
/ismail-koybasi/profil/spieler/74641,Ismail+Köybasi+Fenerbahce,612000
/ola-kamara/profil/spieler/62067,Ola+Kamara+Shenzhen+FC,12900
/george-byers/profil/spieler/240083,George+Byers+Swansea,222000
/roland-sallai/profil/spieler/332798,Roland+Sallai+Freiburg,71100
/tyrone-mears/profil/spieler/14050,Tyrone+Mears+West+Bromwich+Albion,49400
/victor-laguardia/profil/spieler/67080,Víctor+Laguardia+Deportivo+Alaves,93200
/alexander-gonzalez/profil/spieler/147562,Alexander+González+Elche,460000
/serkan-kirintili/profil/spieler/16058,Serkan+Kirintili+Konyaspor,199000
/emiliano-moretti/profil/spieler/5755,Emiliano+Moretti+Torino,587000
/chung-yong-lee/profil/spieler/81801,Chung-Yong+Lee+Bochum,123000
/daniel-butterworth/profil/spieler/478637,Daniel+Butterworth+Blackburn,406000
/shamit-shome/profil/spieler/423445,Shamit+Shome+Montreal+Impact,50500
/michael-barrios/profil/spieler/313286,Michael+Barrios+FC+Dallas,324000
/jimmy-durmaz/profil/spieler/80205,Jimmy+Durmaz+Toulouse,162000
/vedat-muriqi/profil/spieler/256267,Vedat+Muriqi+Rizespor,392000
/santiago-mosquera/profil/spieler/490621,Santiago+Mosquera+FC+Dallas,149000
/raheem-sterling/profil/spieler/134425,Raheem+Sterling+ManCity,10300000
/bjorn-engels/profil/spieler/193469,Björn+Engels+Reims,133000
/vyacheslav-podberezkin/profil/spieler/207528,Vyacheslav+Podberezkin+Rubin+Kazan,43600
/senad-lulic/profil/spieler/61449,Senad+Lulic+Lazio,306000
/jimmy-maurer/profil/spieler/183337,Jimmy+Maurer+FC+Dallas,181000
/jalil-elias/profil/spieler/376859,Jalil+Elías+Godoy+Cruz,187000
/joaquin-varela/profil/spieler/553421,Joaquín+Varela+Godoy+Cruz,4030000
/nicolo-zaniolo/profil/spieler/392085,Nicolò+Zaniolo+Roma,623000
/marcelo-mino/profil/spieler/508135,Marcelo+Miño+Rosario+Central,676000
/roy-beerens/profil/spieler/25427,Roy+Beerens+Vitesse,73500
/giannelli-imbula/profil/spieler/130756,Giannelli+Imbula+Rayo+Vallecano,54400
/danil-stepanov/profil/spieler/456182,Danil+Stepanov+Rubin+Kazan,78200
/marcelo-saracchi/profil/spieler/373916,Marcelo+Saracchi+RasenBallsport+Leipzig,81500
/ryo-miyaichi/profil/spieler/129688,Ryo+Miyaichi+St.+Pauli,66400
/patrik-schick/profil/spieler/242086,Patrik+Schick+Roma,449000
/pierluigi-gollini/profil/spieler/244192,Pierluigi+Gollini+Atalanta,84600
/federico-fazio/profil/spieler/45314,Federico+Fazio+Roma,3500000
/jay-roy-grot/profil/spieler/360517,Jay-Roy+Grot+VVV-Venlo,44000
/matias-kranevitter/profil/spieler/240900,Matías+Kranevitter+Zenit+St.+Petersburg,84000
/andres-ponce/profil/spieler/308256,Andrés+Ponce+Anzhi+Makhachkala,20100
/denis-odoi/profil/spieler/59641,Denis+Odoi+Fulham,209000
/manuel-lazzari/profil/spieler/331401,Manuel+Lazzari+SPAL+2013,63400
/darren-potter/profil/spieler/22231,Darren+Potter+Rotherham,159000
/rurik-gislason/profil/spieler/15961,Rúrik+Gíslason+Sandhausen,36500
/james-igbekeme/profil/spieler/375849,James+Igbekeme+Real+Zaragoza,30600
/erik-lamela/profil/spieler/111630,Erik+Lamela+Tottenham,1070000
/pascal-testroet/profil/spieler/53521,Pascal+Testroet+Erzgebirge+Aue,53600
/lorenzo-melgarejo/profil/spieler/127822,Lorenzo+Melgarejo+Spartak+Moscow,44200
/gaston-pereiro/profil/spieler/264116,Gastón+Pereiro+PSV+Eindhoven,174000
/florian-carstens/profil/spieler/334543,Florian+Carstens+St.+Pauli,396000
/roman-martinez/profil/spieler/53134,Román+Martínez+San+Lorenzo,13100000
/alex-lopez/profil/spieler/166674,Álex+López+Mallorca,6380000
/tomas-cardona/profil/spieler/422700,Tomás+Cardona+Godoy+Cruz,1200000
/georgi-melkadze/profil/spieler/281552,George+Melkadze+Spartak+Moscow,46900
/hector-verdes/profil/spieler/57954,Héctor+Verdés+Rayo+Majadahonda,152000
/vicente-gomez/profil/spieler/153236,Vicente+Gómez+Deportivo+La+Coruna,2000000
/marcin-kaminski/profil/spieler/129358,Marcin+Kaminski+Fortuna+Duesseldorf,101000
/boulaye-dia/profil/spieler/626913,Boulaye+Dia+Reims,55900
/moussa-diaby/profil/spieler/395516,Moussa+Diaby+Paris+Saint-Germain,413000
/javier-mascherano/profil/spieler/19981,Javier+Mascherano+Hebei+CFFC,24000
/keinan-davis/profil/spieler/412660,Keinan+Davis+Aston+Villa,60300
/joe-newell/profil/spieler/185342,Joe+Newell+Rotherham,261000
/saman-ghoddos/profil/spieler/204294,Saman+Ghoddos+Amiens,108000
/anthony-jackson-hamel/profil/spieler/333093,Anthony+Jackson-Hamel+Montreal+Impact,212000
/mert-gunok/profil/spieler/51894,Fehmi+Mert+Günok+Istanbul+Basaksehir,11700
/diego-capel/profil/spieler/27471,Diego+Capel+Extremadura,96400
/elias-pereyra/profil/spieler/576027,Elías+Pereyra+San+Lorenzo,1070000
/andrea-petagna/profil/spieler/199258,Andrea+Petagna+SPAL+2013,158000
/agustin-heredia/profil/spieler/570420,Agustín+Heredia+Godoy+Cruz,1410000
/david-texeira/profil/spieler/143182,David+Texeira+Moreirense,27300
/karim-rekik/profil/spieler/182579,Karim+Rekik+Hertha+Berlin,111000
